Артикул;Количество
S2905200;Lifan
S2905700;Lifan
BBF2915120;Lifan
1SRX60;Lifan
JPS05010CY;Lifan
SS36001;Lifan
S8112100;Lifan
B3746120A2;Lifan
S2914720;Lifan
S5512112A2;Lifan
S5512122A2;Lifan
S2916341;Lifan
BBF2906012;Lifan
B2906012;Lifan
S2906341;Lifan
S3630600;Lifan
A3630510;Lifan
A3630310;Lifan
L8105130;Lifan
A3612300;Lifan
S3612300;Lifan
L3612300;Lifan
B3603820B1;Lifan
LF481Q33802100C;Lifan
1BBFDFLK;Lifan
1AFDFLK;Lifan
1BBFWY10RU;Lifan
1AXFWY10RU;Lifan
1SGTR16;Lifan
S3501110;Lifan
B3502111;Lifan
B3501111;Lifan
1LS467740;Lifan
1SSR30B;Lifan
1SSR29B;Lifan
1XRRA57;Lifan
1XSRA69B;Lifan
1S2RR31;Lifan
1XSRA61B;Lifan
1AXM7610;Lifan
1SR7610;Lifan
1XRRA54;Lifan
1XSRA63B;Lifan
1S2RR21;Lifan
1XSRA60B;Lifan
1XRRA52;Lifan
S3705100;Lifan
B3746220A2;Lifan
1AXFN00S;Lifan
1SFN00S;Lifan
1GFN01;Lifan
1PFN015;Lifan
1BBFN00;Lifan
1AXFN00;Lifan
1XFN01;Lifan
LFB479Q1008100A;Lifan
SC35002;Lifan
SG35002;Lifan
SB35002;Lifan
SA35002;Lifan
SS35002;Lifan
PBA3502320;Lifan
SC35001;Lifan
SG35001;Lifan
SB35001;Lifan
SA35001;Lifan
SS35001;Lifan
PBA3501016;Lifan
JPX05000OFFROAD;Lifan
S6804912;Lifan
B3781120;Lifan
LF479Q11025021A;Lifan
LF479Q11025022A;Lifan
A1301150;Lifan
S7901500A2;Lifan
1LS512640;Lifan
JPX05004CY;Lifan
JPX05005CY;Lifan
JPS0500501CY;Lifan
JPS05014CY;Lifan
S3401730;Lifan
LF479Q31307100A1;Lifan
B3747120;Lifan
A1123100;Lifan
S1123100C1;Lifan
JPX05001CY;Lifan
C4115200;Lifan
C2904110;Lifan
B2904810;Lifan
S2904810;Lifan
4000466B03;Lifan
4000466B32;Lifan
400975;Lifan
400231;Lifan
1UFN00B;Lifan
1GFN00B;Lifan
A1200012;Lifan
1PFN301;Lifan
1PFN302;Lifan
1BBFN301SH;Lifan
1XFN301SH;Lifan
1BBFN302SH;Lifan
1XFN302SH;Lifan
1SSFN303SH;Lifan
1SSFN304SH;Lifan
1SFN301SH;Lifan
1SSFN301SH;Lifan
1SFN302SH;Lifan
1SSFN302SH;Lifan
1XFN303SH;Lifan
1XFN304SH;Lifan
LF481Q11701150A1;Lifan
LF481Q12303316A1;Lifan
A3103120;Lifan
B2304510;Lifan
S3103400;Lifan
1SSR34B;Lifan
1SFR21;Lifan
1XSP11;Lifan
A1200011;Lifan
LFB479Q1003300A;Lifan
LF479Q2B1003300A;Lifan
LF479Q11008013B;Lifan
LFB479Q1008013A;Lifan
B0CF18A11502521;Lifan
LBV1502706;Lifan
SS22002;Lifan
SA22002;Lifan
SBAC22002;Lifan
SA22004;Lifan
SS22004;Lifan
SBAC22004;Lifan
S1301000;Lifan
BBE1301100B;Lifan
B3745180C1;Lifan
B3401100;Lifan
LF479Q11025015A;Lifan
LF479Q11025016A;Lifan
LBA8103109;Lifan
LFB479Q1025015A1;Lifan
1XRRA00;Lifan
LFB479Q1025100A;Lifan
LF479Q11025100A;Lifan
LBA8103120;Lifan
S6102130;Lifan
S6102230;Lifan
BBF6102070;Lifan
BBF6102080;Lifan
1LS630860;Lifan
1LS630840;Lifan
S2904100;Lifan
S2904200;Lifan
S2914400;Lifan
1LS446260;Lifan
LF481Q12303324A1;Lifan
LF479Q13707800A;Lifan
LFB479Q3707800A;Lifan
S2916210;Lifan
S2916260;Lifan
C2906200;Lifan
B2906200;Lifan
S2906210;Lifan
A2906210;Lifan
BBF3104100;Lifan
S3104100;Lifan
LFB479Q1306100A;Lifan
S3406330;Lifan
S3406340;Lifan
A8108142;Lifan
S3401710;Lifan
LFB479Q1003021B;Lifan
S3540400;Lifan
PBC1109610;Lifan
A1109141;Lifan
S1109160;Lifan
B1109130;Lifan
B8121170;Lifan
LF479Q11017100A;Lifan
G8113120;Lifan
A8121170;Lifan
S8113110;Lifan
C1117100;Lifan
F1117100;Lifan
AAB4115200;Lifan
Q67517;Lifan
Q67516;Lifan
Q67522;Lifan
A1608000;Lifan
B1608100A2;Lifan
A3540110;Lifan
SS35400;Lifan
BBF3540100B1;Lifan
1BA76G150;Lifan
S3630354;Lifan
BAC8108100;Lifan
S8202150C1;Lifan
