Артикул;Бренд;0;60
922012F200;Hyundai-Kia;0;60
714025310703;Magneti marelli;0;60
33501S5B003;Honda;0;60
33551S5B003;Honda;0;60
1222690;Opel;0;60
3141503RAS;Depo;0;60
825263E000;Kia;0;60
7700301701;Renault;0;60
1212318;Ford;0;60
YS250;Motorcraft;0;60
JK8987A;Motorcraft;0;60
MEDS6300;Moog;0;60
VKM16550;SKF;0;60
1850074;Opel;0;60
2108301018;Mercedes;0;60
1780150040;Toyota;0;60
1254533;Ford;0;60
7660460010;Toyota;0;60
7660360030;Toyota;0;60
1J1857521;VAG;0;60
96408155;General Motors;0;60
96414128;General Motors;0;60
14504097;CS Germany;0;60
253102E100;Hyundai-Kia;0;60
51117890096;BMW;0;60
96414130;General Motors;0;60
825263E000;Hyundai-Kia;0;60
1357609;Ford;0;60
3B9863459K;VAG;0;60
1H4853373BB41;VAG;0;60
1H4853373AB41;VAG;0;60
HM01;Asva;0;60
A72003;Japan Cars;0;60
5617;Motorad;0;60
1355928010;Toyota;0;60
90 536 064;Opel;0;60
MD365096;Mitsubishi;0;60
MD375091;Mitsubishi;0;60
A0001300632;Mercedes;0;60
432062Y503;Nissan;0;60
GJ6A508W1A;Mazda;0;60
0K7Y011SFX;Hyundai-Kia;0;60
1119878;Ford;0;60
0679360;Opel;0;60
921012F020;Hyundai-Kia;0;60
MR553600;Mitsubishi;0;60
2721A005;Mitsubishi;0;60
1333838;Ford;0;60
5M0945093E;VAG;0;60
1090358;Ford;0;60
0K9BE51030B;Hyundai-Kia;0;60
0K9BE51040B;Hyundai-Kia;0;60
0K9B054120;Hyundai-Kia;0;60
0K9B652211;Hyundai-Kia;0;60
0K9BV50710;Hyundai-Kia;0;60
8117005100;Toyota;0;60
7M3422371A;VAG;0;60
1364407;Ford;0;60
DHT025;Beru;0;60
7H0827505G9B9;VAG;0;60
0847106;Opel;0;60
201718016B;TYC;0;60
3B0853754B41;VAG;0;60
8871660290;Toyota;0;60
824202F010;Hundai;0;60
HR402059;Hanse;0;60
MTIND01;Asva;0;60
DS0642001;Prasco;0;60
96476574;General Motors;0;60
Z3146;Tokico;0;60
4321102090;Toyota;0;60
16254;Geri;0;60
1491767;Ford;0;60
CVJ00158;Dl-autogruppe;0;60
MTIU5035;Asva;0;60
258005098;Bosch ;0;60
63126921859;BMW;0;60
134547;NK;0;60
0K08A61E10;Hyundai-Kia;0;60
MD06000A0;API;0;60
227140;EGR;0;60
27121;EGR;0;60
1275971;Volvo;0;60
5432231U00;Nissan;0;60
4B0500051H;VAG;0;60
164004M405;Nissan;0;60
5211905160;Toyota;0;60
ALT5038;Unipoint;0;60
VRH20058;Mobiletron;0;60
7L6945096P;VAG;0;60
ZJ2018100;Mazda;0;60
9036525023;Toyota;0;60
045109243C;VAG;0;60
045109244A;VAG;0;60
AKS2001;Akyoto;0;60
059919501;VAG;0;60
06B109243D;VAG;0;60
55440;Ruville;0;60
531033320;Luk;0;60
1374385;Ford;0;60
531002210;Luk;0;60
55211;Ruville;0;60
531036110;Luk;0;60
7089;Febi;0;60
1356859065;Toyota;0;60
94471;Dayco;0;60
1987AE1066;Bosch ;0;60
0261210113;Bosch ;0;60
HM01;Asva;0;60
J5380300;Nipparts;0;60
SK581;Grand Prix;0;60
7240;Bougicord;0;60
SE2954;555;0;60
G2519;Optimal;0;60
JRA431;TRW/Lucas;0;60
XTOL2272;Xt-group;0;60
I35016JC;Japan Cars;0;60
915832;Ruville;0;60
22022;Febi;0;60
19579;Mapco;0;60
37099;ABS;0;60
59110;Remsa;0;60
ADB4137;Allied Nippon;0;60
BSK01661;Dl-autogruppe;0;60
GDB3334;Lucas;0;60
D2194M;Kashiyama;0;60
70600;Remsa;0;60
96001;Remsa;0;60
ADB01095;Allied Nippon;0;60
ADB01095;Allied Nippon;0;60
GDB497;Lucas;0;60
C13016PR;Japan Cars;0;60
K6723;Kashiyama;0;60
K1167;Kashiyama;0;60
T1704;Pagid;0;60
36145;ABS;0;60
97035257;Isuzu;0;60
7936274;NK;0;60
8E0505172A;VAG;0;60
300442;Loebro;0;60
KK38822540;Hyundai-Kia;0;60
4003440;Sasic;0;60
G7528;Optimal;0;60
WBK00305;Dl-autogruppe;0;60
DAC42750037;NewSun;0;60
EXP006;Fahrmann;0;60
HC46T080805CS70;Koyo;0;60
14504097;CS Germany;0;60
3B1959565A01C;VAG;0;60
KL1766D;Knecht;0;60
3020105116Q0;Dello;0;60
FG872;Motorcraft;0;60
8980215100;Isuzu;0;60
MD9024;Alco;0;60
MA118;CLEAN FILTERS;0;60
CA5400;Fram;0;60
CA4316;Fram;0;60
CA5345;Fram;0;60
40467C;Direct Parts;0;60
1336397;Volvo;0;60
C581851;Mann;0;60
B45004JC;Japan Cars;0;60
91520001;Jp Group;0;60
B44004JC;Japan Cars;0;60
MS6126;Alco;0;60
97170804;Opel;0;60
871394701083;Toyota;0;60
K1083;Filtron;0;60
B42008PR;Japan Cars;0;60
DCF330P;Denso;0;60
SG1055;SCT;0;60
4718688;Ford;0;60
MROL2220;Maison;0;60
J62063;Japan Cars;0;60
281132H000;Kia;0;60
1112977;Ford;0;60
06994;Febi;0;60
546681C101;Nissan;0;60
8790602040;Toyota;0;60
1605958;Opel;0;60
GS8534;Lucas;0;60
DD3251720A;Mazda;0;60
D65151730;Mazda;0;60
5212702120;Toyota;0;60
7958609002abs;Ssang Yong;0;60
JBJ722;Lucas;0;60
AKS2014;Akyoto;0;60
G1278;Optimal;0;60
G1279;Optimal;0;60
GT80100;GMB;0;60
M144;Dolz;0;60
1710250021;Toyota;0;60
732873;Valeo;0;60
1361840;Ford;0;60
0424015;Akitaka;0;60
YL7Z8620AA;Motorcraft;0;60
664014;Kayaba;0;60
0122ARD;Febest;0;60
7553112690;Toyota;0;60
5311112B50;Toyota;0;60
0252186617;Meyle;0;60
FSL1540;Ferodo;0;60
753909;NK;0;60
013008550345A;Dello;0;60
1995093;EPS;0;60
2151571LU;Depo;0;60
3b0998002A;VAG;0;60
41660;Sidem;0;60
8954548010;Toyota;0;60
02Z311361;VAG;0;60
02Z311205C;VAG;0;60
N1330F;RBI;0;60
7632A098;Mitsubishi;0;60
D37037;V-Star;0;60
4411934LLDUE;Depo;0;60
92492029;EGR;0;60
A1600500227;Smart;0;60
AC3502;Sakura;0;60
FS84355;TRW/Lucas;0;60
26054;Febi;0;60
G10534PC;Japan Cars;0;60
334308;Kayaba;0;60
334309;Kayaba;0;60
BDA581;TRW/Lucas;0;60
M111A2075;Taiho;0;60
08D311109;VAG;0;60
WPM00924;Dl-autogruppe;0;60
GT35218;SNR;0;60
DC010162;Api;0;60
A115400200DY;Chery;0;60
243824M711;Nissan;0;60
04465YZZCN;Toyota;0;60
G21003;Optimal;0;60
16099;ABS;0;60
2812026071;Toyota ;0;60
2211035B;Goetze;0;60
22908;Febi;0;60
M13CS3F;RBI;0;60
9240126020;Hyundai-Kia;0;60
4421936RUE;Depo;0;60
377698451;VAG;0;60
NSAVA44;Asva;0;60
27807;Febi;0;60
30636833;Volvo;0;60
868411F010;Hyundai-Kia;0;60
08540;LPR;0;60
2335738001;Hyundai-Kia;0;60
2431238020;Hyundai-Kia;0;60
75117S;Ruville;0;60
G12030JC;Japan Cars;0;60
90017PWAG02;Honda;0;60
7H1857521M;VAG;0;60
30731861;Volvo;0;60
30630752;Volvo;0;60
06A109119C;VAG;0;60
06A109479F;VAG;0;60
06B105561007;VAG;0;60
7701474482;Renault;0;60
1346324;Ford;0;60
PLB008;Pmc;0;60
DWA2014;AVA;0;60
GDB139;TRW/Lucas;0;60
D2231;Kashiyama;0;60
55192670;Fiat/Alfa/Lancia;0;60
TA1952;Delphi;0;60
0K9A418200;Hyundai-Kia;0;60
0K01G12101;Hyundai-Kia;0;60
WB107;Wunder;0;60
71104SNB000;Honda;0;60
71109SNB000;Honda;0;60
ALS1015;Standard;0;60
MDB2695;Mintex;0;60
341351;Kayaba;0;60
341352;Kayaba;0;60
334817;Kayaba;0;60
334818;Kayaba;0;60
333364;Kayaba;0;60
333365;Kayaba;0;60
341280;Kayaba;0;60
665059;Kayaba;0;60
665063;Kayaba;0;60
16264;Monroe;0;60
441119;Kayaba;0;60
333417;Kayaba;0;60
333418;Kayaba;0;60
SU17;HDK;0;60
23314;Monroe;0;60
TYCRL96000L;BodyParts;0;60
26635;Febi;0;60
26636;Febi;0;60
27807;Febi;0;60
5756226100;Hyundai-Kia;0;60
CBT39;CTR;0;60
D2114M;Kashiyama;0;60
218302B600;Hyundai-Kia;0;60
BS0590;Optimal;0;60
MR316535;Mitsubishi;0;60
MR379442;Mitsubishi;0;60
TM060;Asva;0;60
26130BG01A;Nissan;0;60
14875216;CS Germany;0;60
51325TA0A01;Honda;0;60
96813875;General Motors;0;60
J2827014;Jakoparts (Nipparts);0;60
28200;Febi;0;60
2221133000;Hyundai-Kia;0;60
39187;Suplex;0;60
1208028;Opel;0;60
4411964RUE;Depo;0;60
92402FD070;Hyundai-Kia;0;60
92401FD070;Hyundai-Kia;0;60
959320001;Jp Group;0;60
498635002;Jp Group;0;60
SFC10539;Sanfineco;0;60
151476;Metelli;0;60
CVJ00204;Dl-autogruppe;0;60
GOP1000K;InterBrakes;0;60
1006200120;Bosch;0;60
96453420;General Motors;0;60
22670AA252;Subaru;0;60
300248546;Hans Pries;0;60
0495609020;Toyota;0;60
55310FD150;Hyundai-Kia;0;60
51720FD000;Hyundai-Kia;0;60
BG2148;Delphi;0;60
0499;NGK;0;60
765211;NK;0;60
343435;Kayaba;0;60
2331414514;Textar;0;60
GDB3200;TRW/Lucas;0;60
10019811;BYD;0;60
JLM10494810;Great wall;0;60
LM10294910;Great wall;0;60
CKP9839;Pilenga;0;60
915160;Ruville;0;60
915161;Ruville;0;60
GT80330;GMB;0;60
HU9471X;Mann;0;60
J3300501;Nipparts;0;60
ADB31109;Allied Nippon;0;60
4852009A70;Toyota;0;60
4851009B40;Toyota;0;60
4853009E70;Toyota;0;60
1710550121;Toyota;0;60
T38430;Gates;0;60
75455S;Ruville;0;60
MZX0304190B;BodyParts;0;60
94956;Dayco;0;60
129149;Quinton Hazell;0;60
A8818H;Optimal;0;60
444119;Kayaba;0;60
A18583H;Optimal;0;60
1780174020;Toyota;0;60
U2959;Kayaba;0;60
4B0075101B;VAG;0;60
96816481;General Motors;0;60
96620070;General Motors;0;60
9039108;NK;0;60
903697;NK;0;60
HG60280;TRW/Lucas;0;60
4F0910279L;VAG;0;60
VM039GHR;View max;0;60
08224;Glaser;0;60
41660;Sidem;0;60
G2993;Optimal;0;60
G1525;Optimal;0;60
HS820019;Hanse;0;60
MN175980RB;Mitsubishi;0;60
2682001;Lemforder;0;60
J4962026;Nipparts;0;60
1377471;Ford;0;60
TH11687G1;Gates;0;60
19549;Mapco;0;60
5160105554;Meyle;0;60
915434;Ruville;0;60
03487985;Daewoo;0;60
01090;Febi;0;60
J23000JC;Japan Cars;0;60
NAB259;Febest;0;60
0K30C69115A;Hyundai-Kia;0;60
42210SCVA00;Honda;0;60
19562;Mapco;0;60
GT90240;GMB;0;60
19520;Mapco;0;60
1H5827511;VAG;0;60
3623;Beser;0;60
16715;Febi;0;60
AKD2452;Akyoto;0;60
350113050F00;Great wall;0;60
068402;Remsa;0;60
D9035M;Kashiyama;0;60
063000;Remsa;0;60
404300;Remsa;0;60
27504;Febi;0;60
TA2049;Delphi;0;60
CBKH7;CTR;0;60
915435;Ruville;0;60
49702;Mapco;0;60
49703;Mapco;0;60
5042234;NK;0;60
554100;Kayaba;0;60
021242;Remsa;0;60
703170410;Reinz;0;60
ADB0503;Allied Nippon;0;60
2321;TSN;0;60
9054;ABS;0;60
4950626A00;Hyundai-Kia;0;60
J3302131;Nipparts;0;60
SP2137;Alco;0;60
49271;Mapco;0;60
6X0201511B;VAG;0;60
SP2132;Alco;0;60
880344509;Jp Group;0;60
9091302062;Toyota;0;60
HR892121;Hanse;0;60
ATB1000;Dayco;0;60
1K0909606D;VAG;0;60
1K0909606B;VAG;0;60
11064700;Ajusa;0;60
34116768189;BMW;0;60
3A085377401C;VAG;0;60
4B0853970d;VAG;0;60
96544664;General Motors;0;60
3A0853774301C;VAG;0;60
195319052;TYC;0;60
R15337;SNR;0;60
49802;Mapco;0;60
8760638400;Hyundai-Kia;0;60
8760538700;Hyundai-Kia;0;60
8760638500;Hyundai-Kia;0;60
3666957;Ford;0;60
289318H910;Nissan;0;60
95554152000;Porsche;0;60
2203200K01A1;Great wall;0;60
0K2Y111SA0;Hyundai-Kia;0;60
1K5959782;VAG;0;60
0250202135;Bosch;0;60
3117382130;Suzuki;0;60
5810126A30;Hyundai-Kia;0;60
532000110;Ina;0;60
H10805STD;Glyco;0;60
Q90295;Quinton Hazell ;0;60
319003116;Luk;0;60
15594;Febi;0;60
9091602596;Toyota;0;60
0125MCV20;Febest ;0;60
TAB209;Febest ;0;60
877221G010;Hyundai-Kia;0;60
NS71812H;NKN ;0;60
4311110LLDE;Depo;0;60
4311110RLDE;Depo;0;60
1528769;Ford;0;60
E72006;Japan Cars ;0;60
7429G2;Peugeot-Citroen;0;60
MN119686;Mitsubishi ;0;60
6212E3;Peugeot-Citroen;0;60
5371203;Longho ;0;60
CBM15R;CTR;0;60
J1514021;Nipparts;0;60
9237001;GSP ;0;60
87722FD000XX;Hyundai-Kia;0;60
02T906207A;VAG;0;60
8D0145840S;VAG;0;60
0282011;Oran;0;60
GT35326;SNR;0;60
346389D;Wahler;0;60
MPH07;Mando;0;60
BDA576;TRW/Lucas;0;60
4815820080;Toyota;0;60
1529595;Ford;0;60
334154;Kayaba;0;60
G3112JD0A0;Nissan;0;60
99653R;TYG;0;60
5320230903;Toyota;0;60
5320530080;Toyota;0;60
3C0853671C9B9;VAG;0;60
BG3035;Delphi;0;60
3845062JA1;Suzuki;0;60
ML9031;Masuma;0;60
35BD5220AT1XDDUM3C01;NSK;0;60
1Z0809953D;VAG;0;60
HB810110;Hanse;0;60
AKD9301;Akyoto;0;60
J3304026;Nipparts;0;60
0K30E12121;Hyundai-Kia;0;60
0K30E12111;Hyundai-Kia;0;60
SP1099;Sangsin;0;60
3245933;Van Wezel;0;60
3B0998002A;VAG;0;60
8791042620;Toyota;0;60
4450109003;Ssang Yong;0;60
4450209003;Ssang Yong;0;60
0210062A42;Febest;0;60
MPD22;Mando;0;60
205774755;Hans Pries;0;60
104098755;Hans Pries;0;60
0601930;Ocap;0;60
GD9472AL;TYG;0;60
RU032;Masuma;0;60
2121156LLDE;Depo;0;60
8171001;Longho;0;60
138702;Huco;0;60
1360304;Ford;0;60
2759802;Lemforder;0;60
WK7203;Mann;0;60
F503;Teknorot;0;60
3705100UE01;Great wall;0;60
SP1221;Sangsin;0;60
3245933;Van Wezel;0;60
5349XS;Gates;0;60
17031500F3010;BYD;0;60
11065AD20A;Nissan;0;60
1K0807183;VAG;0;60
224742;NK;0;60
GUM91;GMB;0;60
MD307104;Mitsubishi;0;60
MR389549;Mitsubishi;0;60
TC419;Delphi;0;60
FDB765;Ferodo;0;60
0986424705;Bosch;0;60
75718S;Ruville;0;60
J3935041;Jakoparts;0;60
C75055;Japan Cars;0;60
DAC40720037;Febest;0;60
95831;Mapco;0;60
06F109124A;VAG;0;60
3667062;Ford;0;60
3735850;Ford;0;60
NSW11A44;Asva;0;60
XBV000020;Land Rover;0;60
665063;Kayaba;0;60
J3601062;Nipparts;0;60
3745843;Hagus;0;60
0212N16LH;Febest;0;60
0614840;Opel;0;60
5256312040;Toyota;0;60
5215912A30;Toyota;0;60
5320530080;Toyota;0;60
14950912;GS Germany;0;60
A151;Dolz;0;60
61280SA000;Subaru;0;60
868423E000;Hyundai-Kia;0;60
ZJ2010235;Mazda;0;60
MN150937;Mitsubishi;0;60
MN150938;Mitsubishi;0;60
CTD010;CTR;0;60
CTD011;CTR;0;60
AKD0195;Akyoto;0;60
A264;Mfilter;0;60
A1433;Sakura;0;60
AC3504;JS Asakashi;0;60
811115A000;Hyundai-Kia;0;60
2000012;Ashika;0;60
QSA1769S;Quinton Hazell;0;60
1160208503;Meyle;0;60
8498612010;Toyota;0;60
8200733242;Renault;0;60
714234050MM;Glyco;0;60
300468;Loebro;0;60
AKD1283;Akyoto;0;60
0172437;Opel;0;60
A112905010BA;Chery;0;60
3124005;Akitaka;0;60
A153732020BA;Chery;0;60
GE4T61B15B;Mazda;0;60
028103157A;VAG;0;60
77209622;Kolbenschmidt;0;60
13570AA044;Subaru;0;60
13572AA092;Subaru;0;60
861322D000;Hyundai-Kia;0;60
20370FA200;Subaru;0;60
MR448464;Mitsubishi;0;60
DWBLH10;Hyundai-Kia;0;60
DS39135;LPR;0;60
028198119C;VAG;0;60
87139YZZ07;Toyota;0;60
5610105130;Toyota;0;60
R15314;SNR;0;60
ASM93;Febest;0;60
123440601;Reinz;0;60
J2830501;Nipparts;0;60
LP1966;Delphi;0;60
RMGN612;Taksim;0;60
WK7203;Mann;0;60
5003307;Ashika;0;60
0475;Zen;0;60
4252A060;Mitsubishi;0;60
1T0807521HGRU;VAG;0;60
TYCAM02450L;BodyParts;0;60
MR8912;Masuma;0;60
6651104RLDEMN;Depo;0;60
M111A2050;Taiho;0;60
26092AU300;Nissan;0;60
4311605PXBEVC;Depo;0;60
3986RGNS4RDW;AGC;0;60
5395931;Van Wezel;0;60
1780117020;Toyota;0;60
9005PR;Philips;0;60
9006PR;Philips;0;60
90981YZZAF;Toyota;0;60
8521260171;Toyota;0;60
8522233200;Toyota;0;60
CA35IR;Hc-parts;0;60
ADZ94216;BluePrint;0;60
ADT342111;BluePrint;0;60
MD340661;Mitsubishi;0;60
310587D;Wahler;0;60
111077755;Hans Pries;0;60
713084STD;Glyco;0;60
837430007;Jp Group;0;60
GT90240;GMB;0;60
CLKH34;CTR;0;60
J3601044;Nipparts;0;60
C154;Dolz;0;60
6R0611701B;VAG;0;60
8539602070;Toyota;0;60
0986487281;Bocsh;0;60
8978430011;Toyota;0;60
6160205570;Meyle;0;60
GDB987;Lucas;0;60
GT35720;SNR;0;60
LP625;Delphi;0;60
8862532171;Toyota;0;60
40010AU000;Nissan;0;60
12596995;General Motors;0;60
CLD001;Car-dex;0;60
12579684;General Motors;0;60
89018220;General Motors;0;60
0986487627;Bosch;0;60
0220K12;Febest;0;60
HN07028GA;TYG;0;60
94485;Nissens;0;60
NPLP3005;NorPlast;0;60
0986479042;Bosch;0;60
75702S;Ruville;0;60
6451AH;VFM-Bosal;0;60
3986RGNS4RDW;Sekurit;0;60
575191;AKS;0;60
8310105332;Ssang Yong;0;60
028198119C;VAG;0;60
A457RU24MM;Sun;0;60
TB218;AE;0;60
0986424705;Bocsh;0;60
0986461147;Bocsh;0;60
0986494017;Bocsh;0;60
C22005;Japan Cars;0;60
SP1089;Sangsin;0;60
SP1097R;Sangsin;0;60
C25004JC;Japan Cars;0;60
C15034JC;Japan Cars;0;60
FDB765;Ferodo;0;60
PN0119;NiBK;0;60
AS3163;Asva;0;60
2290;TSN;0;60
Y022102;Yamamoto;0;60
07089;Febi;0;60
DAC4272003835;Febest;0;60
DAC4074003634;Febest;0;60
23591;Mapco;0;60
0K97312700A;Hyundai-Kia;0;60
NS6311;NewSun;0;60
55119;Ruville;0;60
1004070038;Meyle;0;60
100014;Optimal;0;60
100056;Optimal;0;60
401137;Optimal;0;60
201228;Optimal;0;60
BAHB636193;SKF;0;60
532000110;Ina;0;60
J3708023;Nipparts;0;60
KL1766D;Knecht (Mahle Filter);0;60
KX69;Knecht (Mahle Filter);0;60
DO298;CLEAN FILTERS;0;60
A0000901151;Mercedes;0;60
319223E000;Hyundai-Kia;0;60
FC500S;Japan Parts;0;60
2074;NGK;0;60
90512989;General Motors;0;60
0250202029;Bocsh;0;60
0250202135;Bocsh;0;60
5432050Y12;Nissan;0;60
MR297465;Mitsubishi;0;60
C75055;Japan Cars;0;60
609610001;Jp Group;0;60
7PK1955;Dayco;0;60
05727;Febi;0;60
2155502;Lemforder;0;60
2155402;Lemforder;0;60
1160600007;Meyle;0;60
D9045;Kashiyama;0;60
D6106;Kashiyama;0;60
D2108;Kashiyama;0;60
915234;Ruville;0;60
915011;Ruville;0;60
5112511;NK;0;60
5033945;NK;0;60
5033946;NK;0;60
070600;Remsa;0;60
36818;ABS;0;60
AKD1294;Akyoto;0;60
AKD1266;Akyoto;0;60
AKD1145;Akyoto;0;60
AKD9298;Akyoto;0;60
AKD1276;Akyoto;0;60
MDB2935;Mintex;0;60
05P699;LPR;0;60
05P763;LPR;0;60
05P698;LPR;0;60
04870;LPR;0;60
LP1673;Delphi;0;60
LP1868;Delphi;0;60
8970352571;Isuzu;0;60
8971805251;Isuzu;0;60
GDB479;TRW/Lucas;0;60
GDB479;TRW/Lucas;0;60
GDB3245;TRW/Lucas;0;60
GDB3114;TRW/Lucas;0;60
ADB0161;Allied Nippon;0;60
ADB0226;Allied Nippon;0;60
ABS0516;Allied Nippon;0;60
ADB3584;Allied Nippon;0;60
Q90295;Quinton Hazell;0;60
12779;Febi;0;60
10035;Febi;0;60
10036;Febi;0;60
G3982;Optimal;0;60
G1833;Optimal;0;60
G11278;Optimal;0;60
G11279;Optimal;0;60
G3079;Optimal;0;60
19859;Mapco;0;60
19560;Mapco;0;60
19573;Mapco;0;60
CBT32;CTR;0;60
2759802;Lemforder;0;60
HS820019;Hanse;0;60
1F2804;Delta;0;60
0602993;Ocap;0;60
4865433040;RBI;0;60
0601930;Ocap;0;60
13112500;Ajusa;0;60
50121000;Ajusa;0;60
3534023510;Hyundai-Kia;0;60
1172002402;Meyle;0;60
3531023600;Hyundai-Kia;0;60
71076;Sidem;0;60
CKP9839;Pilenga;0;60
1367486;Ford;0;60
CBN30;CTR;0;60
RCT38SL1;Koyo;0;60
40343VK000;Nissan;0;60
PH4848;Fram;0;60
303552;Loebro;0;60
0443832290;Toyota;0;60
VKDP33500T;SKF;0;60
MZSHBMZ3F;Febest;0;60
5462622001;Hyundai-Kia;0;60
3022101;Lemforder;0;60
20323FA000;Subaru;0;60
A147;Aritech;0;60
51167C;Direct Parts;0;60
1003250001;Meyle;0;60
RH1020;Kayaba;0;60
334839;Kayaba;0;60
334155;Kayaba;0;60
868411F000;Hyundai-Kia;0;60
LR030215;Land Rover;0;60
MD22000100HB;BodyParts;0;60
4006144;Sasic;0;60
3008039;Sasic;0;60
C35022JC;Japan Cars;0;60
С154;Dolz;0;60
G9665;Optimal;0;60
FMFOC5;Febest;0;60
2551AH;VFM-Bosal;0;60
22201779;Точка опоры;0;60
6105200XK80XA89;Great wall;0;60
8E0199352N;VAG;0;60
6001546776;Renault;0;60
402003540;Pierburg;0;60
030109243K;VAG;0;60
032109119J;VAG;0;60
5580077K01;Suzuki;0;60
GDB951;TRW/Lucas;0;60
B1160;Optimal;0;60
S1153;Monroe;0;60
TDR500080;Land Rover;0;60
8002A196HA;Mitsubishi;0;60
51720FD000;Hyundai-Kia;0;60
0K05412700A;Hyundai-Kia;0;60
0K01A33047;Hyundai-Kia;0;60
0K05412205;Hyundai-Kia;0;60
ELP3635;MecaFilter;0;60
A2205420218;Mercedes;0;60
R714;Teknorot;0;60
1K0407183M;VAG;0;60
583793S;Termal;0;60
95554152000;Porsche;0;60
A0069972548;Mercedes;0;60
823520002;Jp Group;0;60
3945AH;VFM-Bosal;0;60
1429355;Ford;0;60
1863569;EQuipart;0;60
MU010645;Mitsubishi;0;60
324254;Omar;0;60
76880SCAS01;Honda;0;60
8612042280;Toyota;0;60
1450584;Opel;0;60
MA642;CLEAN FILTERS;0;60
LP978;Delphi;0;60
21511C2RLDE;Depo;0;60
LP585;Delphi;0;60
H1002;V-Star;0;60
HNGEZ03451L;BodyParts;0;60
1444XE;Peugeot-Citroen;0;60
1311000;Opel;0;60
М25720031;Vemo;0;60
333197;Kayaba;0;60
333198;Kayaba;0;60
2916100F00;Great wall;0;60
195719001;TYC;0;60
G6936;Optimal;0;60
65412;Ruville;0;60
1987949511;Bosch;0;60
402701;Remsa;0;60
583855Z;Termal;0;60
2201116F00;Great wall;0;60
2203104D07;Great wall;0;60
0221604109;Bosch;0;60
52321SNAA01;Honda;0;60
50820SNBH01;Honda;0;60
J4842014;Nipparts;0;60
T93;Npw;0;60
I14007;Japan Cars;0;60
I14006;Japan Cars;0;60
ADH28615;BluePrint;0;60
4103100K240804;Great wall;0;60
3787100K00D1;Great wall;0;60
36540;Fae;0;60
0290800036;Bosch;0;60
FP1001;QML;0;60
059129086M;VAG;0;60
MI36;HDK;0;60
42200SNAA52;Honda;0;60
16009;Asam;0;60
C53072ABE;ABE;0;60
0221503485;Bosch;0;60
2161954LUE;Depo;0;60
1662031031;Toyota;0;60
3035701;Lemforder;0;60
C11045;Fram;0;60
AF0005;Alpha Filter;0;60
613602500;Reinz;0;60
21419A9RUE;Depo;0;60
32921622;Swag;0;60
M3B004;Pomax;0;60
LW62042;Delphi;0;60
0986487243;Bocsh;0;60
0258005717;Bocsh;0;60
MP128300;ATS;0;60
SP2145;Alco;0;60
22453AA140;Subaru;0;60
481H1306020;Chery;0;60
8641281;Volvo;0;60
SP2132;Alco;0;60
1511054G10;Suzuki;0;60
5636722;Opel;0;60
5636364;Opel;0;60
613483000;Reinz;0;60
ADT34175;BluePrint;0;60
7L6698671;VAG;0;60
30758261;Volvo;0;60
TY27;Asva;0;60
1336Q2;Peugeot-Citroen;0;60
10911118;Swag;0;60
722778970;Pierburg;0;60
15246962;General Motors;0;60
8521260171;Toyota;0;60
8522233200;Toyota;0;60
4B1955425A;VAG;0;60
333280;Kayaba;0;60
333281;Kayaba;0;60
61683;Nissens;0;60
1155211010;Meyle;0;60
15822889;General Motors;0;60
1U0953235E300;VAG;0;60
MN126480;Mitsubishi;0;60
PU821X2;Mann;0;60
A2113238000;Mercedes;0;60
ATSJS1137;ATS;0;60
33625;R2a;0;60
31126763719;BMW;0;60
LBA1001420;Lifan;0;60
17220RL5A00;Honda;0;60
BP4K39080A;Mazda;0;60
2916100F00;Great wall;0;60
335808;Kayaba;0;60
RH1714;Kayaba;0;60
TAB056;Febest;0;60
TAB077;Febest;0;60
TAB075;Febest;0;60
HAB042;Febest;0;60
0125220L;Febest;0;60
AADW001;Japan Parts;0;60
302273786;Hans Pries;0;60
46532573;Fiat/Alfa/Lancia ;0;60
55204392;Fiat/Alfa/Lancia ;0;60
51795398;Fiat/Alfa/Lancia ;0;60
60711SEAE00ZZ;Honda;0;60
6547NN;Peugeot-Citroen;0;60
ABS0217;Allied Nippon;0;60
00812;Motodor;0;60
0580314042;Bocsh;0;60
553113K030;Hyundai-Kia;0;60
2916011K0;Great wall;0;60
30875399;Volvo;0;60
H10655STD;Glyco;0;60
0K2AA52420A;Hyundai-Kia;0;60
55540005;Swag;0;60
FS05591;Flennor;0;60
9091915211;Toyota;0;60
8627484;Volvo;0;60
4411523LAE;Depo;0;60
4421523RAE;Depo;0;60
2916100K00;Great wall;0;60
51348251595;BMW;0;60
22201250;Atek;0;60
4853180736;Toyota;0;60
9038519006;Toyota;0;60
VKBD1007;SKF;0;60
CA1827IR;Hc-parts;0;60
305119;Loebro;0;60
96373JD08E;Nissan;0;60
96301BR74A;Nissan;0;60
52320SNAA01;Honda;0;60
GDB1012S;TRW/Lucas;0;60
02395;Febi;0;60
40927996;Swag;0;60
304509SETMS;Master-sport ;0;60
480EE1008052;Chery;0;60
0474K96RL;Febest;0;60
0474K96RU;Febest;0;60
613443000;Reinz;0;60
MAB072;Febest;0;60
603001;GSP ;0;60
AA35010325;Hafei;0;60
A2017580058;Mercedes;0;60
6205556;Ashika;0;60
V10730142;Vemo;0;60
LP451;Delphi;0;60
GDB3107;TRW/Lucas;0;60
VKJA3002;SKF;0;60
916808;Ruville;0;60
25964053;General Motors;0;60
4292;NGK;0;60
5034728;NK;0;60
5034729;NK;0;60
TH37288G1;Gates;0;60
845001;GSP ;0;60
3400430F00;Great wall;0;60
1424616;Ford;0;60
MR971533;Mitsubishi;0;60
ZVXYFCS1010L;ZZVF;0;60
219589;Strake;0;60
94801;Dayco;0;60
5241;Gates;0;60
28439;Febi;0;60
1780161030;Toyota;0;60
SP168;SCT;0;60
335801;Ruville;0;60
3C0945291;VAG;0;60
02J409528C;VAG;0;60
8155160890;Toyota;0;60
1424616;Ford;0;60
1497322;Ford;0;60
7322060323A1;Toyota;0;60
7321060403A1;Toyota;0;60
5217142020;Toyota;0;60
5832442010;Toyota;0;60
PRN07024GA;Signeda;0;60
GDB1671;TRW/Lucas;0;60
131017419102;Toyota;0;60
TAB028;Febest;0;60
02732B;Direct Parts;0;60
824001;GSP ;0;60
71121SNLT01;Honda;0;60
GWT77A;GMB;0;60
CE2004412B1;Delphi;0;60
AKD5334;Akyoto;0;60
980614;Optimal;0;60
4260B60180;Toyota;0;60
1K0601147GQLV;VAG;0;60
31705;Febi;0;60
5817A011XA;Mitsubishi;0;60
FEBRCSLH;Febest;0;60
802523;Valeo;0;60
222122B000;Hyundai-Kia;0;60
111292595;Hans Pries;0;60
VKM7625;SKF;0;60
MR513272;Mitsubishi;0;60
1314556;Opel;0;60
BYDF32203012;BYD;0;60
1758500;Ford;0;60
222112B400;Hyundai-Kia;0;60
333742;Kayaba;0;60
1324390;Land Rover;0;60
LR009324;Land Rover;0;60
548304A003;Hyundai-Kia;0;60
4311939020;Hyundai-Kia;0;60
96176298;General Motors;0;60
03061N0;Mahle Kolben;0;60
Q2ACJ449M10X125;Hafei;0;60
AB2911B003;Hafei;0;60
F85280;Optimal;0;60
2172034RUE;Depo;0;60
JAR957;TRW/Lucas;0;60
302350;Elring;0;60
AS1011;Torque;0;60
PSE3389;Patron;0;60
0K2NC12111;Hyundai-Kia;0;60
0K2NC12121;Hyundai-Kia;0;60
0K30E10155;Hyundai-Kia;0;60
00663501;Shifas;0;60
6T46759;LPR;0;60
LW39036;Delphi;0;60
0221504029;Bosch;0;60
2735937;Van Wezel;0;60
2161964LUQ;Depo;0;60
52069706AB;Crown;0;60
2656045;Sasic;0;60
M510330;Mars tech;0;60
07849949;General Motors;0;60
L3Y211SF0A;Mazda;0;60
NI011;HDK;0;60
0425EARH;Febest;0;60
0425EALH;Febest;0;60
VKBA1356;SKF;0;60
865631G600;Hyundai-Kia;0;60
95088063;General Motors;0;60
HB5003;Fenox;0;60
J1325046;Nipparts;0;60
TC875;Delphi;0;60
3342014NUQ;Depo;0;60
1197200100;Jp Group;0;60
330502;Era;0;60
9327011;GSP ;0;60
SD25000000100;Api;0;60
7013R6;Peugeot-Citroen;0;60
2759801;Lemforder;0;60
1636131060;Toyota;0;60
23935;Monroe;0;60
LR018354;Land Rover;0;60
1757285;Ford;0;60
5211512430;Toyota;0;60
JBU691;TRW/Lucas;0;60
C39002;Mann;0;60
1040106C;Termal;0;60
BM53016VA2;Api;0;60
1352164011;Toyota;0;60
4006134;Sasic;0;60
4006135;Sasic;0;60
BSG65511002;BSG;0;60
OP07024GAN;TYG;0;60
OP99013CARN;TYG;0;60
OP99013CALN;TYG;0;60
75460S;Ruville;0;60
32730032;Swag;0;60
32730033;Swag;0;60
CT1028;Contitech;0;60
038145283A;VAG;0;60
1354067020;Toyota;0;60
23111250;Atek;0;60
1110011;Brilliance;0;60
1052A016;Mitsubishi;0;60
291510;NK;0;60
868612F000;Hyundai-Kia;0;60
BM51LF02R;GLB;0;60
90142;Vika;0;60
1199101880;Jp Group;0;60
7PK1818;Gates;0;60
10079700;Ajusa;0;60
IB385BO;Elfull;0;60
HB30013;Concord;0;60
1770A012;Mitsubishi;0;60
86821A7000;Hyundai-Kia;0;60
0420505;Febest;0;60
TA1585;Delphi;0;60
151378;Metelli;0;60
TA2017;Delphi;0;60
0986494140;Bosch;0;60
13001AL;Atiho;0;60
PFD99308MA;Signeda;0;60
FD061015L3000;Api;0;60
SG1061;SCT;0;60
MB13006R;Sailing;0;60
MB13006L;Sailing;0;60
STVWP6000C2;Sat;0;60
613431500;Reinz;0;60
KA46001601L00;Api;0;60
DC01006400L00;Api;0;60
255402N302;Nissan;0;60
J3505039;Nipparts;0;60
934900U010;Hyundai-Kia;0;60
287813JA0A;Nissan;0;60
0986424246;Bosch;0;60
TA1506;Delphi;0;60
6R0805915C9B9;VAG;0;60
TY04276BF;TYG;0;60
PFO005;CF;0;60
LF01101F5;Mazda;0;60
GD99693R;Gordon;0;60
0258005309;Bosch;0;60
6235434;Opel;0;60
0249A9;Peugeot-Citroen;0;60
BP53041;Fenox;0;60
3000951024;Sachs;0;60
3477;LPR;0;60
1016001409;Geely;0;60
1216739;Opel;0;60
61687;Nissens;0;60
30482;Asam;0;60
71140TL0G01;Honda;0;60
06510SWW305;Honda;0;60
TC2078;Delphi;0;60
G7597;Optimal;0;60
35130S10E21;Honda;0;60
77016S;Ruville;0;60
3745588;Van Wezel;0;60
3С1998002;VAG;0;60
BM051941G0R00;Api;0;60
74475SAAG01;Honda;0;60
VPM8934133140;Vpm;0;60
1761430;AC Delco;0;60
J2820904;Nipparts;0;60
1218600200;Jp Group;0;60
T0931R;RBI;0;60
PSE3508;Patron;0;60
8498612010;Toyota;0;60
01862;Ossca;0;60
CO7106;LYNXauto;0;60
1102202;Ashika;0;60
2K0511171B;VAG;0;60
MZGD6060XL;ZZVF;0;60
0055586;Elwis royal;0;60
1742038110;Toyota;0;60
SD04009BAN;TYG;0;60
MB24500001000;Api;0;60
TY04276BC;TYG;0;60
8E0611763K;VAG;0;60
8E0611764K;VAG;0;60
3B0609721AC;VAG;0;60
3B0609722Q;VAG;0;60
02T311269F;VAG;0;60
02T311158R;VAG;0;60
B28V34300BL2;Haima;0;60
B28V34350BL3;Haima;0;60
1320358;Opel;0;60
21219U7RUE;Depo;0;60
FJD025U;Exedy;0;60
FJC524;Exedy;0;60
MZ07A44;Sat;0;60
GO2514;Trialli;0;60
STB1257;Krauf;0;60
81927229;Swag;0;60
1014001676;Geely;0;60
05P1472;LPR;0;60
KB65904;SNR;0;60
0648941;Opel;0;60
MFFH516;Masuma;0;60
MB919118;Mitsubishi;0;60
OLA2363;AVA;0;60
JBJ752;TRW/Lucas;0;60
JBJ751;TRW/Lucas;0;60
531053120;Ina;0;60
VW07064GA;TYG;0;60
5220K685;Mitsubishi;0;60
GA20171;Miles;0;60
37205;ABS;0;60
101200068;AD;0;60
59253;AD;0;60
59855;AD;0;60
ADR010211;ADR;0;60
450215;Adriauto;0;60
V94081;AE;0;60
V98015;AE;0;60
AGA042Z;AGA;0;60
AAI1201;AIRLINE;0;60
13186500;Ajusa;0;60
0501016;AKITAKA;0;60
RT0183R;AKS;0;60
MD9470;ALCO;0;60
MS6278;ALCO;0;60
SP1275;ALCO;0;60
6432438;Alkar;0;60
6451437;Alkar;0;60
ABS1703;ALLIED NIPPON;0;60
HA710;AMC Filter;0;60
KA1571;AMC Filter;0;60
AMDSA141;AMD;0;60
AMDSA312;AMD;0;60
583053CA00;ANAM;0;60
01174;AS METAL;0;60
30465;ASAM;0;60
3001111;ASHIKA;0;60
5003339;ASHIKA;0;60
HNWHRD1R;ASVA;0;60
FT1077;AUTLOG;0;60
FT1078;AUTLOG;0;60
D1214;AUTOFREN SEINSA;0;60
ACK52Y5;AUTOMOTOR;0;60
ADC2015;AUTOMOTOR FRANCE;0;60
11576;AYFAR;0;60
Z274;Beru;0;60
gb8020;BIG FILTER;0;60
GB9793;BIG FILTER;0;60
GB9978;BIG FILTER;0;60
19109572;Bilstein;0;60
ADK87021;BLUEPRINT;0;60
11127500568;BMW;0;60
51111908077;BMW;0;60
51337196347;BMW;0;60
51357129727;BMW;0;60
CNBER96480R;BODY PARTS;0;60
RNLOG05451BR;BODY PARTS;0;60
RNSCE96451R;BODY PARTS;0;60
VWTRN05070R;BODY PARTS;0;60
30G06A;BOGE;0;60
32M74A;BOGE;0;60
091654;Bosal;0;60
0241335807;Bosch;0;60
0242225580;Bosch;0;60
0242236541;Bosch;0;60
1987302022;Bosch;0;60
1987302214;Bosch;0;60
1987482235;Bosch;0;60
1987946010;Bosch;0;60
1987947812;Bosch;0;60
1987947911;Bosch;0;60
1987949091;Bosch;0;60
3397004672;Bosch;0;60
08936420;Brembo;0;60
09953414;Brembo;0;60
P59044;Brembo;0;60
P86016;Brembo;0;60
A112906013;CHERY;0;60
A112906023;CHERY;0;60
A113412051;CHERY;0;60
A113506010;CHERY;0;60
S212906010;CHERY;0;60
04894176AB;CHRYSLER;0;60
607310;Cifam;0;60
4PK790;CONTITECH;0;60
6PK1360;CONTITECH;0;60
CT544;CONTITECH;0;60
CT599;CONTITECH;0;60
CT649;CONTITECH;0;60
CT795;CONTITECH;0;60
12015557B;Corteco;0;60
19032319;Corteco;0;60
80000158;Corteco;0;60
CBKD1;CTR;0;60
CBKD10;CTR;0;60
CBKD11;CTR;0;60
CBKH16;CTR;0;60
CBKH7;CTR;0;60
CEKD16L;CTR;0;60
CEKD16R;CTR;0;60
CLHO46;CTR;0;60
CLKD11;CTR;0;60
CLKD8;CTR;0;60
CRKD4;CTR;0;60
CRKD5;CTR;0;60
CRM9;CTR;0;60
CRN5;CTR;0;60
55353319;Daewoo;0;60
55353321;Daewoo;0;60
72330A83D00000;Daewoo;0;60
93741069;Daewoo;0;60
94515341;Daewoo;0;60
95967285;Daewoo;0;60
96659176;Daewoo;0;60
96814454;Daewoo;0;60
8PK2043;Dayco;0;60
013003220147A;DELLO;0;60
013008350626A;DELLO;0;60
BF516;DELPHI;0;60
LP1824;DELPHI;0;60
TC1587;DELPHI;0;60
TC2153;DELPHI;0;60
1V2820;DELTA;0;60
K16PRU11;Denso;0;60
K20PRU11;Denso;0;60
4311513LUE;Depo;0;60
4401614LAE;Depo;0;60
03411;DEXWAL;0;60
20B238;DLZ;0;60
J201;Dolz;0;60
321465EGT;EGT;0;60
068190;Elring;0;60
325155;Elring;0;60
1631516;ELWIS ROYAL;0;60
1146012;EPS;0;60
1446017R;EPS;0;60
10103520;ERA;0;60
99650208;ERGON;0;60
FIA07PA006;EUROBUMP;0;60
MBK2007;Exedy;0;60
2087KJ;FEBEST;0;60
CHSB003;FEBEST;0;60
CHSBU100F;FEBEST;0;60
03141;FEBI;0;60
06251;FEBI;0;60
10100;FEBI;0;60
14688;FEBI;0;60
24574;FEBI;0;60
26435;FEBI;0;60
33901;FEBI;0;60
4606532001551;FELIX;0;60
CA00001;Fenox;0;60
CV16192;Fenox;0;60
HB5607;Fenox;0;60
LS11002;Fenox;0;60
TAR712;Ferodo;0;60
100006RB;Ficopro;0;60
AK3704;FILTRON;0;60
AP067;FILTRON;0;60
AP082;FILTRON;0;60
AP0824;FILTRON;0;60
AP1082;FILTRON;0;60
AP155;FILTRON;0;60
AP1883;FILTRON;0;60
AR214;FILTRON;0;60
K1004;FILTRON;0;60
K1123A;FILTRON;0;60
K1141;FILTRON;0;60
K1150A;FILTRON;0;60
K1154;FILTRON;0;60
OP545;FILTRON;0;60
OP570T;FILTRON;0;60
OP6292;FILTRON;0;60
PP8311;FILTRON;0;60
PP851;FILTRON;0;60
PP859;FILTRON;0;60
PP907;FILTRON;0;60
PS921;FILTRON;0;60
51607;FOBOS;0;60
1140192;Ford;0;60
1233825;Ford;0;60
1329106;Ford;0;60
1339099;Ford;0;60
1346766;Ford;0;60
1495397;Ford;0;60
1530924;Ford;0;60
1772314;Ford;0;60
4444107;Ford;0;60
5R3Z17D995AB;Ford;0;60
7701205812;FRANCECAR;0;60
6PK2083;Gates;0;60
88373ES;Gates;0;60
K015492XS;Gates;0;60
K015631XS;Gates;0;60
T38482;Gates;0;60
TH40787G1;Gates;0;60
194091;GBP;0;60
1018004651;GEELY;0;60
0133140;GENERAL MOTORS;0;60
0149254;GENERAL MOTORS;0;60
0176174;GENERAL MOTORS;0;60
0177102;GENERAL MOTORS;0;60
0312296;GENERAL MOTORS;0;60
0342204;GENERAL MOTORS;0;60
0423948;GENERAL MOTORS;0;60
0607685;GENERAL MOTORS;0;60
0618722;GENERAL MOTORS;0;60
0630050;GENERAL MOTORS;0;60
0632112;GENERAL MOTORS;0;60
0642501;GENERAL MOTORS;0;60
07362863;GENERAL MOTORS;0;60
0807203;GENERAL MOTORS;0;60
0834703;GENERAL MOTORS;0;60
0835642;GENERAL MOTORS;0;60
0850519;GENERAL MOTORS;0;60
08686146;GENERAL MOTORS;0;60
0905117;GENERAL MOTORS;0;60
0951499;GENERAL MOTORS;0;60
10521233;GENERAL MOTORS;0;60
1160478;GENERAL MOTORS;0;60
12365356;GENERAL MOTORS;0;60
12474013;GENERAL MOTORS;0;60
1284141;GENERAL MOTORS;0;60
1312135;GENERAL MOTORS;0;60
13128909;GENERAL MOTORS;0;60
13129845;GENERAL MOTORS;0;60
13157565;GENERAL MOTORS;0;60
13252085;GENERAL MOTORS;0;60
13317106;GENERAL MOTORS;0;60
1341617;GENERAL MOTORS;0;60
13500488;GENERAL MOTORS;0;60
13577407;GENERAL MOTORS;0;60
14048413;GENERAL MOTORS;0;60
1437042;GENERAL MOTORS;0;60
15026223;GENERAL MOTORS;0;60
15154314;GENERAL MOTORS;0;60
15685165;GENERAL MOTORS;0;60
1618207;GENERAL MOTORS;0;60
1790153;GENERAL MOTORS;0;60
1818523;GENERAL MOTORS;0;60
1843404;GENERAL MOTORS;0;60
2000927;GENERAL MOTORS;0;60
2223035;GENERAL MOTORS;0;60
22875935;GENERAL MOTORS;0;60
25187787;GENERAL MOTORS;0;60
25193474;GENERAL MOTORS;0;60
25920375;GENERAL MOTORS;0;60
560625;GENERAL MOTORS;0;60
5623026;GENERAL MOTORS;0;60
5638118;GENERAL MOTORS;0;60
5834036;GENERAL MOTORS;0;60
5852692;GENERAL MOTORS;0;60
6223229;GENERAL MOTORS;0;60
6235647;GENERAL MOTORS;0;60
6235674;GENERAL MOTORS;0;60
6238620;GENERAL MOTORS;0;60
6238934;GENERAL MOTORS;0;60
6240107;GENERAL MOTORS;0;60
6240396;GENERAL MOTORS;0;60
6338050;GENERAL MOTORS;0;60
72340A83D00000;GENERAL MOTORS;0;60
9012243;GENERAL MOTORS;0;60
90182166;GENERAL MOTORS;0;60
90421703;GENERAL MOTORS;0;60
9097623;GENERAL MOTORS;0;60
9120312;GENERAL MOTORS;0;60
93196681;GENERAL MOTORS;0;60
93220164;GENERAL MOTORS;0;60
93233842;GENERAL MOTORS;0;60
93250874;GENERAL MOTORS;0;60
94525011;GENERAL MOTORS;0;60
94535236;GENERAL MOTORS;0;60
94580413;GENERAL MOTORS;0;60
94703196;GENERAL MOTORS;0;60
94724261;GENERAL MOTORS;0;60
95225400;GENERAL MOTORS;0;60
95462060;GENERAL MOTORS;0;60
95983139;GENERAL MOTORS;0;60
96219384;GENERAL MOTORS;0;60
96275923;GENERAL MOTORS;0;60
96322618;GENERAL MOTORS;0;60
96323476;GENERAL MOTORS;0;60
96341879;GENERAL MOTORS;0;60
96350161;GENERAL MOTORS;0;60
96376400;GENERAL MOTORS;0;60
96380613;GENERAL MOTORS;0;60
96405132;GENERAL MOTORS;0;60
96406952;GENERAL MOTORS;0;60
96444926;GENERAL MOTORS;0;60
96446167;GENERAL MOTORS;0;60
96549743;GENERAL MOTORS;0;60
96549779;GENERAL MOTORS;0;60
96563231;GENERAL MOTORS;0;60
96585564;GENERAL MOTORS;0;60
96600051;GENERAL MOTORS;0;60
96615802;GENERAL MOTORS;0;60
96624007;GENERAL MOTORS;0;60
96815490;GENERAL MOTORS;0;60
96950763;GENERAL MOTORS;0;60
S6460110;GENERAL MOTORS;0;60
H0499400;Glaser;0;60
GT10150;GMB;0;60
GT90080;GMB;0;60
GUMZ11;GMB;0;60
AG338;GOODWILL;0;60
AG628CF;GOODWILL;0;60
JH8029;GRAND PRIX;0;60
827076;GSP;0;60
22105M;GTR;0;60
HR872145;Hanse;0;60
H976061E300;HCC;0;60
P999;Hepu;0;60
33962SNB000;HONDA;0;60
133832;Huco;0;60
138428;Huco;0;60
517523A000;HYUNDAI-Kia;0;60
0060326161;HYUNDAI-Kia;0;60
0k01972511;HYUNDAI-Kia;0;60
0k01973511;HYUNDAI-Kia;0;60
253102K000;HYUNDAI-Kia;0;60
253103Z200;HYUNDAI-Kia;0;60
281131R100;HYUNDAI-Kia;0;60
4110023135;HYUNDAI-Kia;0;60
4130023130;HYUNDAI-Kia;0;60
4142123020;HYUNDAI-Kia;0;60
4324032130;HYUNDAI-Kia;0;60
503103E102;HYUNDAI-Kia;0;60
545003S000;HYUNDAI-Kia;0;60
546612H000;HYUNDAI-Kia;0;60
5471643160;HYUNDAI-Kia;0;60
571003E101;HYUNDAI-Kia;0;60
571502E000;HYUNDAI-Kia;0;60
824713X010;HYUNDAI-Kia;0;60
8448043011CI;HYUNDAI-Kia;0;60
8631522000KR;HYUNDAI-Kia;0;60
863531D100;HYUNDAI-Kia;0;60
865543D010;HYUNDAI-Kia;0;60
866113W000;HYUNDAI-Kia;0;60
530033210;INA;0;60
8970202502;ISUZU;0;60
J1322120;JAKOPARTS;0;60
FAADDW10;JAPANPARTS;0;60
FC111S;JAPANPARTS;0;60
JTTK12;JAPANPARTS;0;60
JCN0173;JD;0;60
JP1001;Jh brake;0;60
1113200900;Jp;0;60
1140000300;Jp;0;60
1140605900;Jp;0;60
881603164;Jp;0;60
LQJNH082;JUNSITE;0;60
871378;K+F;0;60
MKD1114;KAPARS;0;60
D11121M;Kashiyama;0;60
D1205M;Kashiyama;0;60
D2094M;Kashiyama;0;60
D2187;Kashiyama;0;60
D2204M;Kashiyama;0;60
D2220;Kashiyama;0;60
D2232;Kashiyama;0;60
D2252;Kashiyama;0;60
D9035M;Kashiyama;0;60
D9039M;Kashiyama;0;60
K3413;Kashiyama;0;60
K6729;Kashiyama;0;60
11802;Kilen;0;60
9539996A1;KLOKKERHOLM;0;60
50007544;KOLBENSCHMIDT;0;60
50013045;KOLBENSCHMIDT;0;60
77101608;KOLBENSCHMIDT;0;60
87371600;KOLBENSCHMIDT;0;60
1110004;Konstein;0;60
KBP013;KORMAX;0;60
KS031STD;KORTEX;0;60
KT0053;KORTEX;0;60
KT1956T;KORTEX;0;60
ALN0521;KRAUF;0;60
339381;KYB;0;60
348032;KYB;0;60
665036;KYB;0;60
913147;KYB;0;60
RH3551;KYB;0;60
21100290419282;Автоваз;0;60
21108403261;Автоваз;0;60
1336545;LAND ROVER;0;60
TOQ000040;LAND ROVER;0;60
2658201;LEMFORDER;0;60
2659601;LEMFORDER;0;60
2677401;LEMFORDER;0;60
3531501;LEMFORDER;0;60
3531601;LEMFORDER;0;60
B2905170;LIFAN;0;60
B2906012;LIFAN;0;60
B2915170;LIFAN;0;60
B5400321;LIFAN;0;60
LF479Q11025016A;LIFAN;0;60
LF479Q11306100A;LIFAN;0;60
300479;LOBRO;0;60
05290;LPR;0;60
05P306;LPR;0;60
6T46772;LPR;0;60
C1171LR;LYNXauto;0;60
C7337LR;LYNXauto;0;60
C8480;LYNXauto;0;60
CO4408;LYNXauto;0;60
LC1003;LYNXauto;0;60
1FD003LR01;MABITEK;0;60
943318861010;MAGNETI MARELLI;0;60
01568N2;MAHLE;0;60
MLD09;MANDO;0;60
C151431;MANN;0;60
CU29412;MANN;0;60
H27001;MANN;0;60
HU816x;MANN;0;60
W683;MANN;0;60
W71945;MANN;0;60
WK5001;MANN;0;60
MRLOGAN8853;Manover;0;60
GY0112201C;MAZDA;0;60
L3Y211SJ0;MAZDA;0;60
A0019896803AAA4;MERCEDES;0;60
A0079905404;MERCEDES;0;60
A2033270090;MERCEDES;0;60
A20981001879197;MERCEDES;0;60
A2198800114;MERCEDES;0;60
A63983100007241;MERCEDES;0;60
N000000005426;MERCEDES;0;60
N003902018002;MERCEDES;0;60
3003435163;MEYLE;0;60
MDB1259;MINTEX;0;60
5256A559;MITSUBISHI;0;60
MR527452;MITSUBISHI;0;60
MR621852;MITSUBISHI;0;60
MU000504;MITSUBISHI;0;60
8661525600;Mobis;0;60
M6415;MONROE;0;60
PK101;MONROE;0;60
01445;MOTODOR;0;60
02713;MOTODOR;0;60
60704;MOTODOR;0;60
STB0123RB;MOTORHERZ;0;60
2382;NGK;0;60
3028;NGK;0;60
5282;NGK;0;60
6837;NGK;0;60
7121;NGK;0;60
PN1518;NIBK;0;60
PN3810;NIBK;0;60
PN8506;NIBK;0;60
PN9381;NIBK;0;60
113857117B;NINGBO;0;60
J3608024;Nipparts;0;60
1102601M02;NISSAN;0;60
262618992D;NISSAN;0;60
381404N500;NISSAN;0;60
38189P0117;NISSAN;0;60
4326201P1A;NISSAN;0;60
54613CA00A;NISSAN;0;60
54618JK53C;NISSAN;0;60
66853JG00B;NISSAN;0;60
72717OG000;NISSAN;0;60
7700838358;NISSAN;0;60
214790;NK;0;60
2722804;NK;0;60
5014812;NK;0;60
5042525;NK;0;60
NPLP8550;NORPLAST;0;60
NLF5131F13;NOVLINE-AUTOFAMILY;0;60
NLL2540003;NOVLINE-AUTOFAMILY;0;60
NLL2540004;NOVLINE-AUTOFAMILY;0;60
NLF1672E11;NOVLINE-AUTOFAMILY;0;60
NSP0196337460;NSP;0;60
0401235;OCAP;0;60
1215027;OCAP;0;60
BTO32022;Omcar;0;60
GGXD018;ONNURI;0;60
302597;OPTIMAL;0;60
A1881G;OPTIMAL;0;60
B1017;OPTIMAL;0;60
B1096;OPTIMAL;0;60
B1218;OPTIMAL;0;60
GB9917;OPTIMAL;0;60
05648;OSSCA;0;60
PAC004;Pmc;0;60
PBC001;Pmc;0;60
PECE04;Pmc;0;60
PECE04;Pmc;0;60
PECE12;Pmc;0;60
PMB014;Pmc;0;60
PMC003;Pmc;0;60
PXCUB031;Pmc;0;60
HS110051;PATRON;0;60
JM5059;PAYEN;0;60
21121148200;Pekar;0;60
4008849207228;PENTOSIN;0;60
66517;PERSEA;0;60
6991S6;PEUGEOT-CITROEN;0;60
8545GQ;PEUGEOT-CITROEN;0;60
8717C0;PEUGEOT-CITROEN;0;60
12086FFC1;Philips;0;60
42403XVC1;Philips;0;60
TSP1143;PILENGA;0;60
TSP1156;PILENGA;0;60
TSP1157;PILENGA;0;60
7608LGNS4RD;PILKINGTON;0;60
2244;Polmostrow;0;60
95510550900;PORSCHE;0;60
QZ0107150;Quartz;0;60
4014835733015;RAVENOL;0;60
613425000;REINZ;0;60
153900;Remsa;0;60
34202;Remsa;0;60
39001;Remsa;0;60
39041;Remsa;0;60
401900;Remsa;0;60
411701;Remsa;0;60
59202;Remsa;0;60
70100;Remsa;0;60
77402;Remsa;0;60
89900;Remsa;0;60
440609415R;RENAULT;0;60
7703297190;RENAULT;0;60
8200964237;RENAULT;0;60
96144620;RHEE JIN;0;60
01462684;Ricambiflex;0;60
0042305002;RIVAL;0;60
297620;ROADHOUSE;0;60
RPLFB613ZE1;ROERS PARTS;0;60
9701631;RTS;0;60
487000;RUVILLE;0;60
75206;RUVILLE;0;60
79002S;RUVILLE;0;60
915265;RUVILLE;0;60
917424;RUVILLE;0;60
D1180;RUVILLE;0;60
311930;SACHS;0;60
3023ASMS;SAINT GOBAIN SECURIT;0;60
CA1001;SAKURA;0;60
O116;SAKURA;0;60
SA014;Sangsin;0;60
SA096;Sangsin;0;60
SA102;Sangsin;0;60
SA111;Sangsin;0;60
SP1047;Sangsin;0;60
SP1048;Sangsin;0;60
SP1096;Sangsin;0;60
SP1255;Sangsin;0;60
SP2138;Sangsin;0;60
MH10461;Sanwa Gasket;0;60
2304019;Sasic;0;60
2654028;Sasic;0;60
ST2351402;SAT;0;60
STMD47016L1;SAT;0;60
SB2107;SCT;0;60
SL602;SCT;0;60
SCDW109;SECO;0;60
63338A;SIDEM;0;60
87211;SIDEM;0;60
PMZ99008CAR;SIGNEDA;0;60
PMZ99117GAL;SIGNEDA;0;60
SBZM1011AR;SIGNEDA;0;60
R17712;SNR;0;60
4833A34010;SSANGYONG;0;60
5259009000;SSANGYONG;0;60
US279L;STANDARD;0;60
1030043SX;Stellox;0;60
412000SX;Stellox;0;60
5100114SX;Stellox;0;60
5100115SX;Stellox;0;60
5200042SX;Stellox;0;60
5604518ASX;Stellox;0;60
833012BSX;Stellox;0;60
869031BSX;Stellox;0;60
904002SX;Stellox;0;60
13207AA110;SUBARU;0;60
20464AE06A;SUBARU;0;60
41040FE000;SUBARU;0;60
909130013;SUBARU;0;60
A664Y32MM;SUN;0;60
0916814015;SUZUKI;0;60
0940906314S1S;SUZUKI;0;60
4225154G10;SUZUKI;0;60
10933901;SWAG;0;60
10936079;SWAG;0;60
87929375;SWAG;0;60
WV56MC765;TAMA;0;60
CH119;TEKNOROT;0;60
FO463;TEKNOROT;0;60
284761HA;TERMAL;0;60
2054701;Textar;0;60
2339402;Textar;0;60
2463201;Textar;0;60
100722015;TOPRAN;0;60
103026755;TOPRAN;0;60
107658755;TOPRAN;0;60
111794755;TOPRAN;0;60
205467466;TOPRAN;0;60
206738755;TOPRAN;0;60
301395755;TOPRAN;0;60
500820756;TOPRAN;0;60
821196755;TOPRAN;0;60
VN5424;TORQUE;0;60
0446533210;TOYOTA;0;60
1111526052D0;TOYOTA;0;60
1121350021;TOYOTA;0;60
117014301001;TOYOTA;0;60
1780128030;TOYOTA;0;60
4881542090;TOYOTA;0;60
4881542100;TOYOTA;0;60
4881560241;TOYOTA;0;60
5387633230;TOYOTA;0;60
5611530120;TOYOTA;0;60
6272042160;TOYOTA;0;60
7396033070;TOYOTA;0;60
8521430280;TOYOTA;0;60
8533060160;TOYOTA;0;60
9091901235;TOYOTA;0;60
GO084324;TRIALLI;0;60
GDB1435;TRW/Lucas;0;60
GDB1558;TRW/Lucas;0;60
GDB1693;TRW/Lucas;0;60
GDB1722;TRW/Lucas;0;60
GDB3170;TRW/Lucas;0;60
GDB3245;TRW/Lucas;0;60
GDB3256;TRW/Lucas;0;60
GDB3282;TRW/Lucas;0;60
GDB3283;TRW/Lucas;0;60
GDB3409;TRW/Lucas;0;60
GDB823;TRW/Lucas;0;60
GDB848;TRW/Lucas;0;60
JBU619;TRW/Lucas;0;60
PFB450;TRW/Lucas;0;60
14401;TSN;0;60
14404;TSN;0;60
2161;TSN;0;60
97447;TSN;0;60
97623;TSN;0;60
530379;TUCKER ROCKY;0;60
175331009N;TYC;0;60
180652012;TYC;0;60
3260042;TYC;0;60
GD4246L;TYG;0;60
UHD2528117;UKORAUTO;0;60
026198421;VAG;0;60
026198491;VAG;0;60
058133785B;VAG;0;60
06A906145;VAG;0;60
110564M500;VAG;0;60
113857117B;VAG;0;60
171615221A;VAG;0;60
171885767;VAG;0;60
1K0129618AN;VAG;0;60
1K0805962G9B9;VAG;0;60
1U2805793;VAG;0;60
1Z0853666B41;VAG;0;60
1Z0941464A;VAG;0;60
3338676334FB;VAG;0;60
3C0867292F9B9;VAG;0;60
4A0260805C;VAG;0;60
4A5945217;VAG;0;60
4F0698451D;VAG;0;60
5c6807394b;VAG;0;60
5K0807227A;VAG;0;60
5K0807228A;VAG;0;60
5N0919491E;VAG;0;60
6K5853665C04;VAG;0;60
6K9501541;VAG;0;60
6RU807109A;VAG;0;60
7H5513029A;VAG;0;60
8D0819699B;VAG;0;60
8E0825267;VAG;0;60
8L0807300;VAG;0;60
8P0864450QJN;VAG;0;60
8R0854327A01C;VAG;0;60
N0385501;VAG;0;60
N90288901;VAG;0;60
WHT005184;VAG;0;60
V101652;VAICO;0;60
246492;Valeo;0;60
834027;Valeo;0;60
CSC04;Valeo;0;60
714067400;REINZ;0;60
30663812;VOLVO;0;60
30698143;VOLVO;0;60
30716804;VOLVO;0;60
8679775;VOLVO;0;60
VPM4110022720;VPM;0;60
HY1404R;VTR;0;60
SZ0108R;VTR;0;60
TO0133R;VTR;0;60
1338625W;WAI;0;60
WP650;WP;0;60
Y022160M;YAMAMOTO;0;60
ESA7024;YES-Q;0;60
ESA7029;YES-Q;0;60
A2451005060;ZAZ;0;60
0446533240;TOYOTA;0;60
3516812030;TOYOTA;0;60
51317027080;BMW;0;60
5253548020;TOYOTA;0;60
6477160320;TOYOTA;0;60
6931060141;TOYOTA;0;60
6932060141;TOYOTA;0;60
879150E020D0;TOYOTA;0;60
8907360680;TOYOTA;0;60
9011610149;TOYOTA;0;60
9031158009;TOYOTA;0;60
90915300038T;TOYOTA;0;60
9091602385;TOYOTA;0;60
0001584231;MERCEDES;0;60
0001594942;MERCEDES;0;60
000180060968;MERCEDES;0;60
0001801709;MERCEDES;0;60
000180240967;MERCEDES;0;60
0003301385;MERCEDES;0;60
0003301685;MERCEDES;0;60
0004200402;MERCEDES;0;60
0004209820;MERCEDES;0;60
0005457280;MERCEDES;0;60
0005457380;MERCEDES;0;60
0005457680;MERCEDES;0;60
0005457880;MERCEDES;0;60
0005459280;MERCEDES;0;60
0005459880;MERCEDES;0;60
0005460373;MERCEDES;0;60
0008050115;MERCEDES;0;60
0008201054;MERCEDES;0;60
0008245126;MERCEDES;0;60
0008691222;MERCEDES;0;60
0009823026;MERCEDES;0;60
0009882782;MERCEDES;0;60
0009885225;MERCEDES;0;60
0009891415;MERCEDES;0;60
0009900829;MERCEDES;0;60
0009901711;MERCEDES;0;60
0009902192;MERCEDES;0;60
00099025921B63;MERCEDES;0;60
0009902862;MERCEDES;0;60
0009903492;MERCEDES;0;60
0009904250;MERCEDES;0;60
0009904807;MERCEDES;0;60
0009904977;MERCEDES;0;60
0009905107;MERCEDES;0;60
0009910498;MERCEDES;0;60
0009918698;MERCEDES;0;60
0009932225;MERCEDES;0;60
0009940145;MERCEDES;0;60
0009940645;MERCEDES;0;60
0009948245;MERCEDES;0;60
0009949645;MERCEDES;0;60
0009955905;MERCEDES;0;60
0009970022;MERCEDES;0;60
0009971386;MERCEDES;0;60
0011590018;MERCEDES;0;60
0015452109;MERCEDES;0;60
0015453809;MERCEDES;0;60
0015455080;MERCEDES;0;60
0015456409;MERCEDES;0;60
0015460143;MERCEDES;0;60
0019846429;MERCEDES;0;60
0019881581;MERCEDES;0;60
0019883181;MERCEDES;0;60
0019885181;MERCEDES;0;60
0019887678;MERCEDES;0;60
0019889781;MERCEDES;0;60
0019900792;MERCEDES;0;60
0019901492;MERCEDES;0;60
0019901692;MERCEDES;0;60
0019916071;MERCEDES;0;60
0019916870;MERCEDES;0;60
0024770601;MERCEDES;0;60
0024776501;MERCEDES;0;60
0025422119;MERCEDES;0;60
0029842829;MERCEDES;0;60
0029846029;MERCEDES;0;60
0029884181;MERCEDES;0;60
0029903922;MERCEDES;0;60
0029905150;MERCEDES;0;60
0029946445;MERCEDES;0;60
0029946545;MERCEDES;0;60
0029949345;MERCEDES;0;60
0029973386;MERCEDES;0;60
0029973430;MERCEDES;0;60
0030945804;MERCEDES;0;60
0031539628;MERCEDES;0;60
0031546506;MERCEDES;0;60
0031590503;MERCEDES;0;60
0031590603;MERCEDES;0;60
0031591203;MERCEDES;0;60
0031591303;MERCEDES;0;60
0031592403;MERCEDES;0;60
0031596003;MERCEDES;0;60
003159780326;MERCEDES;0;60
0038350001;MERCEDES;0;60
0039901597;MERCEDES;0;60
0039947945;MERCEDES;0;60
0034209120;MERCEDES;0;60
0044202420;MERCEDES;0;60
0044202520;MERCEDES;0;60
004541750126;MERCEDES;0;60
0045429520;MERCEDES;0;60
0049902412;MERCEDES;0;60
0049902670;MERCEDES;0;60
0049944045;MERCEDES;0;60
0049944545;MERCEDES;0;60
0054202520;MERCEDES;0;60
0059889778;MERCEDES;0;60
0059977048;MERCEDES;0;60
0065420220;MERCEDES;0;60
0065454626;MERCEDES;0;60
0069887378;MERCEDES;0;60
0069887578;MERCEDES;0;60
0069972890;MERCEDES;0;60
0069979948;MERCEDES;0;60
007603014104;MERCEDES;0;60
0079881478;MERCEDES;0;60
0079889978;MERCEDES;0;60
0079978292;MERCEDES;0;60
0089973792;MERCEDES;0;60
0089973981;MERCEDES;0;60
0089977292;MERCEDES;0;60
0095458226;MERCEDES;0;60
0099883378;MERCEDES;0;60
0099884078;MERCEDES;0;60
0099884478;MERCEDES;0;60
0105454426;MERCEDES;0;60
0109971381;MERCEDES;0;60
0109977092;MERCEDES;0;60
0119814510;MERCEDES;0;60
0119884178;MERCEDES;0;60
0119888378;MERCEDES;0;60
0119970647;MERCEDES;0;60
0119974592;MERCEDES;0;60
0119974792;MERCEDES;0;60
0119975892;MERCEDES;0;60
0129885078;MERCEDES;0;60
0129975492;MERCEDES;0;60
0139974592;MERCEDES;0;60
0139977192;MERCEDES;0;60
0139977845;MERCEDES;0;60
0139978145;MERCEDES;0;60
0139978792;MERCEDES;0;60
014997099264;MERCEDES;0;60
014997109264;MERCEDES;0;60
0149971192;MERCEDES;0;60
0149971792;MERCEDES;0;60
0149972548;MERCEDES;0;60
0149974647;MERCEDES;0;60
0169970448;MERCEDES;0;60
0169976547;MERCEDES;0;60
0185453828;MERCEDES;0;60
0199971348;MERCEDES;0;60
0199975047;MERCEDES;0;60
0209974445;MERCEDES;0;60
0225452126;MERCEDES;0;60
0225452426;MERCEDES;0;60
0225452526;MERCEDES;0;60
0239970247;MERCEDES;0;60
0279970645;MERCEDES;0;60
0405452628;MERCEDES;0;60
1022001414;MERCEDES;0;60
1032030774;MERCEDES;0;60
1040100630;MERCEDES;0;60
1040940104;MERCEDES;0;60
1041800609;MERCEDES;0;60
1042000570;MERCEDES;0;60
1075450072;MERCEDES;0;60
1110180382;MERCEDES;0;60
1110180482;MERCEDES;0;60
1110182882;MERCEDES;0;60
1110183082;MERCEDES;0;60
1112020122;MERCEDES;0;60
1116736903;MERCEDES;0;60
1116737003;MERCEDES;0;60
1120180682;MERCEDES;0;60
1120300162;MERCEDES;0;60
1120940104;MERCEDES;0;60
1120940104;MERCEDES;0;60
1121420280;MERCEDES;0;60
1121500318;MERCEDES;0;60
1121500418;MERCEDES;0;60
1121840161;MERCEDES;0;60
1121840280;MERCEDES;0;60
1122010180;MERCEDES;0;60
1130942082;MERCEDES;0;60
116988051164;MERCEDES;0;60
1190101430;MERCEDES;0;60
1190160821;MERCEDES;0;60
1191421380;MERCEDES;0;60
1201420072;MERCEDES;0;60
1209932510;MERCEDES;0;60
1232700098;MERCEDES;0;60
1238171215;MERCEDES;0;60
1238800047;MERCEDES;0;60
1238850723;MERCEDES;0;60
1238850823;MERCEDES;0;60
1243233885;MERCEDES;0;60
1243235485;MERCEDES;0;60
12499005929051;MERCEDES;0;60
1268207917;MERCEDES;0;60
1293320074;MERCEDES;0;60
1370940104;MERCEDES;0;60
1371410273;MERCEDES;0;60
1371410373;MERCEDES;0;60
1371410380;MERCEDES;0;60
1371410480;MERCEDES;0;60
1371410780;MERCEDES;0;60
1402720025;MERCEDES;0;60
1402720725;MERCEDES;0;60
1402722062;MERCEDES;0;60
1403200235;MERCEDES;0;60
1403202543;MERCEDES;0;60
1403231985;MERCEDES;0;60
1403280834;MERCEDES;0;60
1404202744;MERCEDES;0;60
1406200328;MERCEDES;0;60
1408302496;MERCEDES;0;60
1408302596;MERCEDES;0;60
1408310297;MERCEDES;0;60
1409812010;MERCEDES;0;60
1409900299;MERCEDES;0;60
1409900692;MERCEDES;0;60
1409900750;MERCEDES;0;60
1633200032;MERCEDES;0;60
1633330076;MERCEDES;0;60
1633370072;MERCEDES;0;60
1635401317;MERCEDES;0;60
1635401417;MERCEDES;0;60
1635401717;MERCEDES;0;60
1636200531;MERCEDES;0;60
1638260027;MERCEDES;0;60
1638490403;MERCEDES;0;60
1639840029;MERCEDES;0;60
1639880378;MERCEDES;0;60
1639900292;MERCEDES;0;60
1639940145;MERCEDES;0;60
1639940948;MERCEDES;0;60
1643260681;MERCEDES;0;60
1644660081;MERCEDES;0;60
1646200278;MERCEDES;0;60
1646300867;MERCEDES;0;60
51118125302;BMW;0;60
51118402303;BMW;0;60
1646800451;MERCEDES;0;60
16469320339051;MERCEDES;0;60
1647600108;MERCEDES;0;60
1660940004;MERCEDES;0;60
1661410080;MERCEDES;0;60
1669900004;MERCEDES;0;60
1683200373;MERCEDES;0;60
1683200408;MERCEDES;0;60
1683201189;MERCEDES;0;60
1683330714;MERCEDES;0;60
1683570248;MERCEDES;0;60
1684201520;MERCEDES;0;60
1684210112;MERCEDES;0;60
1684230401;MERCEDES;0;60
1684280335;MERCEDES;0;60
1688200245;MERCEDES;0;60
1688200945;MERCEDES;0;60
1688201245;MERCEDES;0;60
1688201761;MERCEDES;0;60
1688300718;MERCEDES;0;60
1688850937;MERCEDES;0;60
1689810518;MERCEDES;0;60
1689840429;MERCEDES;0;60
1689900422;MERCEDES;0;60
169420082028;MERCEDES;0;60
1697352465;MERCEDES;0;60
1708201821;MERCEDES;0;60
1708850035;MERCEDES;0;60
1714710279;MERCEDES;0;60
1718600192;MERCEDES;0;60
2013201843;MERCEDES;0;60
2014210171;MERCEDES;0;60
2014600050;MERCEDES;0;60
2015450014;MERCEDES;0;60
2016981360;MERCEDES;0;60
2017580231;MERCEDES;0;60
2019900004;MERCEDES;0;60
20199002929051;MERCEDES;0;60
2022710080;MERCEDES;0;60
2023300118;MERCEDES;0;60
2025204323;MERCEDES;0;60
2025401534;MERCEDES;0;60
202630022164;MERCEDES;0;60
20268086365400;MERCEDES;0;60
2027200615;MERCEDES;0;60
2027820124;MERCEDES;0;60
2028000079;MERCEDES;0;60
2028101021;MERCEDES;0;60
2028200466;MERCEDES;0;60
2028201066;MERCEDES;0;60
2028301070;MERCEDES;0;60
2028600314;MERCEDES;0;60
2028851123;MERCEDES;0;60
2028851223;MERCEDES;0;60
2032400317;MERCEDES;0;60
2033200873;MERCEDES;0;60
2033232285;MERCEDES;0;60
2033260181;MERCEDES;0;60
2033330914;MERCEDES;0;60
2033504308;MERCEDES;0;60
2034100315;MERCEDES;0;60
2034280335;MERCEDES;0;60
2035240140;MERCEDES;0;60
2036840049;MERCEDES;0;60
2036980254;MERCEDES;0;60
20369021629999;MERCEDES;0;60
20369401259C86;MERCEDES;0;60
2037200505;MERCEDES;0;60
2037500097;MERCEDES;0;60
2038104876;MERCEDES;0;60
20381103609999;MERCEDES;0;60
2038200045;MERCEDES;0;60
2038200045;MERCEDES;0;60
2038200215;MERCEDES;0;60
2038200445;MERCEDES;0;60
2038201264;MERCEDES;0;60
2038201745;MERCEDES;0;60
2038201942;MERCEDES;0;60
2038240449;MERCEDES;0;60
2038260282;MERCEDES;0;60
2038301018;MERCEDES;0;60
2038600992;MERCEDES;0;60
2038601592;MERCEDES;0;60
20388010059999;MERCEDES;0;60
2038850365;MERCEDES;0;60
2038850414;MERCEDES;0;60
20388518219999;MERCEDES;0;60
20388533219999;MERCEDES;0;60
2039880978;MERCEDES;0;60
2043307411;MERCEDES;0;60
2044630296;MERCEDES;0;60
2046101301;MERCEDES;0;60
2048201745;MERCEDES;0;60
20486000089650;MERCEDES;0;60
2085050888;MERCEDES;0;60
20881000799040;MERCEDES;0;60
2088200501;MERCEDES;0;60
2088850537;MERCEDES;0;60
2088850637;MERCEDES;0;60
2088850937;MERCEDES;0;60
2088870127;MERCEDES;0;60
20968009407F52;MERCEDES;0;60
20969022629197;MERCEDES;0;60
2098600092;MERCEDES;0;60
2098600347;MERCEDES;0;60
2098600447;MERCEDES;0;60
2098850037;MERCEDES;0;60
2102400817;MERCEDES;0;60
2102720162;MERCEDES;0;60
2102720208;MERCEDES;0;60
2103201413;MERCEDES;0;60
2103234400;MERCEDES;0;60
2103300018;MERCEDES;0;60
2103337114;MERCEDES;0;60
2103503006;MERCEDES;0;60
2103503306;MERCEDES;0;60
2103503806;MERCEDES;0;60
2103504506;MERCEDES;0;60
2103520043;MERCEDES;0;60
2103570191;MERCEDES;0;60
2104100047;MERCEDES;0;60
2104100147;MERCEDES;0;60
2104100547;MERCEDES;0;60
2104100647;MERCEDES;0;60
2104101515;MERCEDES;0;60
2104211712;MERCEDES;0;60
2104760484;MERCEDES;0;60
2104760484;MERCEDES;0;60
2104923741;MERCEDES;0;60
2105012282;MERCEDES;0;60
2105040012;MERCEDES;0;60
2105240301;MERCEDES;0;60
2105401117;MERCEDES;0;60
2105401430;MERCEDES;0;60
2105450084;MERCEDES;0;60
2106110339;MERCEDES;0;60
2106201667;MERCEDES;0;60
2106201987;MERCEDES;0;60
2106203931;MERCEDES;0;60
2106300435;MERCEDES;0;60
21068021357D66;MERCEDES;0;60
21069001827700;MERCEDES;0;60
21069001829040;MERCEDES;0;60
21069001829189;MERCEDES;0;60
21069002627700;MERCEDES;0;60
21069002829040;MERCEDES;0;60
21069003827700;MERCEDES;0;60
21069003829189;MERCEDES;0;60
21069004626303;MERCEDES;0;60
21069004627221;MERCEDES;0;60
21069004627700;MERCEDES;0;60
21069004829040;MERCEDES;0;60
21069005829040;MERCEDES;0;60
21069009629040;MERCEDES;0;60
21069010626303;MERCEDES;0;60
21069010627700;MERCEDES;0;60
21069013627700;MERCEDES;0;60
21069014627181;MERCEDES;0;60
21069015626272;MERCEDES;0;60
21069015627221;MERCEDES;0;60
21069016627700;MERCEDES;0;60
2106930191;MERCEDES;0;60
2106980214;MERCEDES;0;60
2106980230;MERCEDES;0;60
2106980377;MERCEDES;0;60
2108000053;MERCEDES;0;60
210800062264;MERCEDES;0;60
21081001649189;MERCEDES;0;60
21081001649197;MERCEDES;0;60
2108100230;MERCEDES;0;60
21081002649189;MERCEDES;0;60
21081002649197;MERCEDES;0;60
2108100476;MERCEDES;0;60
21081007549B50;MERCEDES;0;60
2108100776;MERCEDES;0;60
2108105716;MERCEDES;0;60
21081101609040;MERCEDES;0;60
21081101609199;MERCEDES;0;60
21081101609744;MERCEDES;0;60
21081102609040;MERCEDES;0;60
21081102609189;MERCEDES;0;60
21081102609199;MERCEDES;0;60
21081102609744;MERCEDES;0;60
2108200156;MERCEDES;0;60
2108200366;MERCEDES;0;60
2108200914;MERCEDES;0;60
21082020107C45;MERCEDES;0;60
2108203764;MERCEDES;0;60
2108205061;MERCEDES;0;60
2108207810;MERCEDES;0;60
2108260000;MERCEDES;0;60
2108300470;MERCEDES;0;60
2108301313;MERCEDES;0;60
2108301413;MERCEDES;0;60
2108690221;MERCEDES;0;60
2108690321;MERCEDES;0;60
2108801971;MERCEDES;0;60
2108805970;MERCEDES;0;60
21088532219189;MERCEDES;0;60
2108870527;MERCEDES;0;60
2108870827;MERCEDES;0;60
21091012189C89;MERCEDES;0;60
21091045467E48;MERCEDES;0;60
21091047467E48;MERCEDES;0;60
21091049479B61;MERCEDES;0;60
2109900436;MERCEDES;0;60
2112403317;MERCEDES;0;60
2113260200;MERCEDES;0;60
2113270430;MERCEDES;0;60
2113510842;MERCEDES;0;60
2113511142;MERCEDES;0;60
2114200848;MERCEDES;0;60
2114404509;MERCEDES;0;60
2114700459;MERCEDES;0;60
2114710141;MERCEDES;0;60
2114710241;MERCEDES;0;60
2114910080;MERCEDES;0;60
2115000654;MERCEDES;0;60
2115013682;MERCEDES;0;60
2115050415;MERCEDES;0;60
2116200416;MERCEDES;0;60
2116202014;MERCEDES;0;60
2116901730;MERCEDES;0;60
211820055664;MERCEDES;0;60
2118200645;MERCEDES;0;60
2118201345;MERCEDES;0;60
2118202045;MERCEDES;0;60
2118202445;MERCEDES;0;60
211835004764;MERCEDES;0;60
2118600747;MERCEDES;0;60
2118600847;MERCEDES;0;60
2118602160;MERCEDES;0;60
2118800030;MERCEDES;0;60
2118850267;MERCEDES;0;60
2118850367;MERCEDES;0;60
21188507219040;MERCEDES;0;60
2118870327;MERCEDES;0;60
2118890495;MERCEDES;0;60
21191843368K67;MERCEDES;0;60
2127830196;MERCEDES;0;60
2155420051;MERCEDES;0;60
21588504819744;MERCEDES;0;60
21591849305D58;MERCEDES;0;60
2202710268;MERCEDES;0;60
2202720325;MERCEDES;0;60
2202720825;MERCEDES;0;60
2202770047;MERCEDES;0;60
2202771614;MERCEDES;0;60
2203270845;MERCEDES;0;60
2203500575;MERCEDES;0;60
2203570042;MERCEDES;0;60
2204100015;MERCEDES;0;60
2204100115;MERCEDES;0;60
2204210171;MERCEDES;0;60
2204230271;MERCEDES;0;60
2204230312;MERCEDES;0;60
2204601000;MERCEDES;0;60
2204664081;MERCEDES;0;60
2205040246;MERCEDES;0;60
2205201523;MERCEDES;0;60
2205240185;MERCEDES;0;60
2205240501;MERCEDES;0;60
2205280080;MERCEDES;0;60
2205400010;MERCEDES;0;60
2205403707;MERCEDES;0;60
2205405507;MERCEDES;0;60
2205406808;MERCEDES;0;60
220540950705;MERCEDES;0;60
2206200178;MERCEDES;0;60
2206280269;MERCEDES;0;60
2206700593;MERCEDES;0;60
2206710112;MERCEDES;0;60
2206710497;MERCEDES;0;60
22068027359B51;MERCEDES;0;60
2206822328;MERCEDES;0;60
22069002629189;MERCEDES;0;60
22069005629040;MERCEDES;0;60
22069005629999;MERCEDES;0;60
22069007629040;MERCEDES;0;60
2207200004;MERCEDES;0;60
2207220225;MERCEDES;0;60
220730010505;MERCEDES;0;60
220730020505;MERCEDES;0;60
220730030528;MERCEDES;0;60
22081010649744;MERCEDES;0;60
2208201745;MERCEDES;0;60
2208300072;MERCEDES;0;60
2208300144;MERCEDES;0;60
2208800040;MERCEDES;0;60
22088512219999;MERCEDES;0;60
22088502219189;MERCEDES;0;60
2208850311;MERCEDES;0;60
2208850411;MERCEDES;0;60
2208851123;MERCEDES;0;60
22088520219040;MERCEDES;0;60
22091085189C05;MERCEDES;0;60
22091089189C05;MERCEDES;0;60
2209970245;MERCEDES;0;60
2209970345;MERCEDES;0;60
2209970445;MERCEDES;0;60
2212700944;MERCEDES;0;60
2212720026;MERCEDES;0;60
2212721326;MERCEDES;0;60
2212721926;MERCEDES;0;60
2212722126;MERCEDES;0;60
2212722326;MERCEDES;0;60
2213330177;MERCEDES;0;60
2214660102;MERCEDES;0;60
2215000649;MERCEDES;0;60
2216301325;MERCEDES;0;60
2216370647;MERCEDES;0;60
2216708101;MERCEDES;0;60
22188005059999;MERCEDES;0;60
22188500229999;MERCEDES;0;60
2303230020;MERCEDES;0;60
2304200320;MERCEDES;0;60
2305420417;MERCEDES;0;60
2307203322;MERCEDES;0;60
2307203422;MERCEDES;0;60
2308100821;MERCEDES;0;60
2308101229;MERCEDES;0;60
23081708789051;MERCEDES;0;60
23082700019040;MERCEDES;0;60
2308690198;MERCEDES;0;60
2308850267;MERCEDES;0;60
2308880086;MERCEDES;0;60
23099000929C75;MERCEDES;0;60
2309900192649C75;MERCEDES;0;60
2318171478;MERCEDES;0;60
2318600147;MERCEDES;0;60
2318602392;MERCEDES;0;60
2318690332;MERCEDES;0;60
2318690432;MERCEDES;0;60
23188004059999;MERCEDES;0;60
23188005059999;MERCEDES;0;60
23188500269999;MERCEDES;0;60
23188501269999;MERCEDES;0;60
2318850137;MERCEDES;0;60
2318850214;MERCEDES;0;60
2318850314;MERCEDES;0;60
2318851223;MERCEDES;0;60
2318851314;MERCEDES;0;60
23188516239999;MERCEDES;0;60
2318852023;MERCEDES;0;60
2318852123;MERCEDES;0;60
2318890125;MERCEDES;0;60
2402720025;MERCEDES;0;60
2402720026;MERCEDES;0;60
2515840426;MERCEDES;0;60
25188006149723;MERCEDES;0;60
2710160381;MERCEDES;0;60
2710160481;MERCEDES;0;60
2710180557;MERCEDES;0;60
2711420380;MERCEDES;0;60
2712000401;MERCEDES;0;60
2712000570;MERCEDES;0;60
2712060019;MERCEDES;0;60
2712380080;MERCEDES;0;60
2720150130;MERCEDES;0;60
2721410680;MERCEDES;0;60
2721420680;MERCEDES;0;60
2722010080;MERCEDES;0;60
2722010280;MERCEDES;0;60
2722020119;MERCEDES;0;60
2731410680;MERCEDES;0;60
2750100367;MERCEDES;0;60
3198690058;MERCEDES;0;60
3199900601;MERCEDES;0;60
3523230376;MERCEDES;0;60
3819970881;MERCEDES;0;60
4252650853;MERCEDES;0;60
4602410610;MERCEDES;0;60
4604101218;MERCEDES;0;60
4605400617;MERCEDES;0;60
4608690598;MERCEDES;0;60
4609915140;MERCEDES;0;60
4609927101;MERCEDES;0;60
4609940145;MERCEDES;0;60
4614630040;MERCEDES;0;60
4615012382;MERCEDES;0;60
463321000460;MERCEDES;0;60
4634630015;MERCEDES;0;60
4635006972;MERCEDES;0;60
4635400130;MERCEDES;0;60
4635450228;MERCEDES;0;60
4636201450;MERCEDES;0;60
4636300440;MERCEDES;0;60
4636370403;MERCEDES;0;60
4636862936;MERCEDES;0;60
4636863636;MERCEDES;0;60
46369003269045;MERCEDES;0;60
46369004269045;MERCEDES;0;60
4637820996;MERCEDES;0;60
4637821096;MERCEDES;0;60
46381100419051;MERCEDES;0;60
4638201275;MERCEDES;0;60
4638202788;MERCEDES;0;60
4638250056;MERCEDES;0;60
4638600169;MERCEDES;0;60
4638600360;MERCEDES;0;60
4638680028;MERCEDES;0;60
4639912540;MERCEDES;0;60
4639912840;MERCEDES;0;60
4639972482;MERCEDES;0;60
6010170360;MERCEDES;0;60
6010301660;MERCEDES;0;60
6012000770;MERCEDES;0;60
6012020622;MERCEDES;0;60
6012232404;MERCEDES;0;60
6013200328;MERCEDES;0;60
6013200711;MERCEDES;0;60
6013300535;MERCEDES;0;60
6013536252;MERCEDES;0;60
6019970345;MERCEDES;0;60
6020107520;MERCEDES;0;60
6020940404;MERCEDES;0;60
6023260882;MERCEDES;0;60
6030160221;MERCEDES;0;60
6030940104;MERCEDES;0;60
6030940291;MERCEDES;0;60
6032000523;MERCEDES;0;60
6040940804;MERCEDES;0;60
6040941904;MERCEDES;0;60
6050140122;MERCEDES;0;60
6050780581;MERCEDES;0;60
6061800109;MERCEDES;0;60
6062020022;MERCEDES;0;60
611092000128;MERCEDES;0;60
611092020128;MERCEDES;0;60
6110940385;MERCEDES;0;60
6110980226;MERCEDES;0;60
6110980426;MERCEDES;0;60
6112340393;MERCEDES;0;60
6159970045;MERCEDES;0;60
6243000204;MERCEDES;0;60
6280920101;MERCEDES;0;60
6280940104;MERCEDES;0;60
6290940104;MERCEDES;0;60
6319810710;MERCEDES;0;60
6383230268;MERCEDES;0;60
6383230368;MERCEDES;0;60
6383230468;MERCEDES;0;60
6383230568;MERCEDES;0;60
6383260116;MERCEDES;0;60
6383280702;MERCEDES;0;60
6383340072;MERCEDES;0;60
6384010171;MERCEDES;0;60
6384282035;MERCEDES;0;60
6385000493;MERCEDES;0;60
6385000693;MERCEDES;0;60
6385420417;MERCEDES;0;60
6386270008;MERCEDES;0;60
6386740208;MERCEDES;0;60
63881022169147;MERCEDES;0;60
63881033166891;MERCEDES;0;60
6388140032;MERCEDES;0;60
6388850015;MERCEDES;0;60
6389870139;MERCEDES;0;60
6389870139;MERCEDES;0;60
6389880625;MERCEDES;0;60
6389900063;MERCEDES;0;60
6389940645;MERCEDES;0;60
6389970049;MERCEDES;0;60
6389970645;MERCEDES;0;60
6394100481;MERCEDES;0;60
6394401606;MERCEDES;0;60
6395401517;MERCEDES;0;60
6398200542;MERCEDES;0;60
6398350447;MERCEDES;0;60
63988028719B51;MERCEDES;0;60
6399900304;MERCEDES;0;60
6402020319;MERCEDES;0;60
6461500360;MERCEDES;0;60
6509970090;MERCEDES;0;60
6110160738;MERCEDES;0;60
6680940304;MERCEDES;0;60
6732680052;MERCEDES;0;60
7202770127;MERCEDES;0;60
9013230185;MERCEDES;0;60
9013260081;MERCEDES;0;60
9014230612;MERCEDES;0;60
9014280435;MERCEDES;0;60
9014605500;MERCEDES;0;60
9014920180;MERCEDES;0;60
9024202701;MERCEDES;0;60
9024204201;MERCEDES;0;60
9705400610;MERCEDES;0;60
B66360214;MERCEDES;0;60
B66648055;MERCEDES;0;60
B6668019728;MERCEDES;0;60
B67650001;MERCEDES;0;60
B67822760;MERCEDES;0;60
HW1190530201;MERCEDES;0;60
HW2104200155;MERCEDES;0;60
HW2106980230;MERCEDES;0;60
HW4635010782;MERCEDES;0;60
N000000000371;MERCEDES;0;60
N000000000412;MERCEDES;0;60
N000000000459;MERCEDES;0;60
N000000000461;MERCEDES;0;60
N000000000484;MERCEDES;0;60
N000000000525;MERCEDES;0;60
N000000000528;MERCEDES;0;60
N000000000542;MERCEDES;0;60
N000000000543;MERCEDES;0;60
N000000000925;MERCEDES;0;60
N00000000094628;MERCEDES;0;60
N000000001147;MERCEDES;0;60
N000000001428;MERCEDES;0;60
N000000001448;MERCEDES;0;60
N000000001476;MERCEDES;0;60
N000000001604;MERCEDES;0;60
N000000001605;MERCEDES;0;60
N000000002053;MERCEDES;0;60
N000000002576;MERCEDES;0;60
N000000002827;MERCEDES;0;60
N000000003582;MERCEDES;0;60
N000000003634;MERCEDES;0;60
N000000003964;MERCEDES;0;60
N000000004021;MERCEDES;0;60
N000000004203;MERCEDES;0;60
N000000004205;MERCEDES;0;60
N000000004206;MERCEDES;0;60
N000000004213;MERCEDES;0;60
N000000004215;MERCEDES;0;60
N000000004466;MERCEDES;0;60
N000000004466;MERCEDES;0;60
N000000004471;MERCEDES;0;60
N000000005437;MERCEDES;0;60
N000000006410;MERCEDES;0;60
N000000007018;MERCEDES;0;60
N000000007095;MERCEDES;0;60
N000912010222;MERCEDES;0;60
N000931008136;MERCEDES;0;60
N000931008244;MERCEDES;0;60
N000931010253;MERCEDES;0;60
N000933006245;MERCEDES;0;60
N000965003022;MERCEDES;0;60
N000965006046;MERCEDES;0;60
N000966005078;MERCEDES;0;60
N000988019009;MERCEDES;0;60
N000988019010;MERCEDES;0;60
N007349010007;MERCEDES;0;60
N007349010007;MERCEDES;0;60
N007603006106;MERCEDES;0;60
N007976004207;MERCEDES;0;60
N007982003260;MERCEDES;0;60
N007985005175;MERCEDES;0;60
N040621005200;MERCEDES;0;60
N072601012110;MERCEDES;0;60
N072601012120;MERCEDES;0;60
N072601012140;MERCEDES;0;60
N07260101270364;MERCEDES;0;60
N072601012900;MERCEDES;0;60
N304017006018;MERCEDES;0;60
N304017008039;MERCEDES;0;60
N304017010032;MERCEDES;0;60
N304032010003;MERCEDES;0;60
N308673012001;MERCEDES;0;60
N308676014010;MERCEDES;0;60
N400809000003;MERCEDES;0;60
N400809000004;MERCEDES;0;60
N600000000004;MERCEDES;0;60
N900055025401;MERCEDES;0;60
N910105008014;MERCEDES;0;60
N910105008024;MERCEDES;0;60
N910106010025;MERCEDES;0;60
N910106010025;MERCEDES;0;60
N910113008001;MERCEDES;0;60
N910118010000;MERCEDES;0;60
N910143008005;MERCEDES;0;60
N910146000000;MERCEDES;0;60
N910152012000;MERCEDES;0;60
N913018013100;MERCEDES;0;60
N914141006702;MERCEDES;0;60
W230589013300;MERCEDES;0;60
W602589024000;MERCEDES;0;60
А0029932996;MERCEDES;0;60
LX1030;KNECHT/MAHLE;0;60
C25006;MANN+HUMMEL;0;60
6PK1153;CONTITECH;0;60
1802843;FORD;0;60
0001410480;MERCEDES;0;60
33316792873;BMW;0;60
2782002651;MERCEDES;0;60
2087700882;MERCEDES;0;60
20877008829C19;MERCEDES;0;60
12977014829B19;MERCEDES;0;60
1297701482;MERCEDES;0;60
51717172534;BMW;0;60
1297701866;MERCEDES;0;60
1297701766;MERCEDES;0;60
1298200814;MERCEDES;0;60
1408200549;MERCEDES;0;60
2102700196;MERCEDES;0;60
2214901727;MERCEDES;0;60
2214903527;MERCEDES;0;60
0008303318;MERCEDES;0;60
1634201020;MERCEDES;0;60
2720140295;MERCEDES;0;60
1295050786;MERCEDES;0;60
1298351714;MERCEDES;0;60
2019970381;MERCEDES;0;60
0019881535;MERCEDES;0;60
N000000002775;MERCEDES;0;60
1297701414;MERCEDES;0;60
1409900052;MERCEDES;0;60
0149977782;MERCEDES;0;60
0008350451;MERCEDES;0;60
1298890625;MERCEDES;0;60
1298350398;MERCEDES;0;60
1298260843;MERCEDES;0;60
2318800744;MERCEDES;0;60
1638204361;MERCEDES;0;60
2720140702;MERCEDES;0;60
2026300221;MERCEDES;0;60
2078850516;MERCEDES;0;60
1404201985;MERCEDES;0;60
17181006649999;MERCEDES;0;60
3Y0823359;BENTLEY;0;60
0038202826;MERCEDES;0;60
1298207961;MERCEDES;0;60
1298208961;MERCEDES;0;60
0301090273;BOSCH;0;60
3Y0698151C;BENTLEY;0;60
3Y0698151;BENTLEY;0;60
3Y0698151B;BENTLEY;0;60
3Y0698451;BENTLEY;0;60
3Y0698451B;BENTLEY;0;60
2207300105;MERCEDES;0;60
2207300205;MERCEDES;0;60
2207300305;MERCEDES;0;60
0301090271;BOSCH;0;60
07V121717;BENTLEY;0;60
3Y0129620;BENTLEY;0;60
33316793864;BMW;0;60
33316792873;BMW;0;60
33316790573;BMW;0;60
2115400717;MERCEDES;0;60
