Артикул;Наименование;Бренд;Остаток;;;;;
SR1790;Тяга рулевая;555;2;;;;;
SR6260;Тяга рулевая;555;1;;;;;
JN6502;Фильтр топливный;AIKO;1;;;;;
1121807;Наконечник рулевой тяги;Akitaka;2;;;;;
0121285;Наконечник рулевой тяги;Akitaka;2;;;;;
1121806;Наконечник рулевой тяги;Akitaka;1;;;;;
1120120;Опора шаровая ;Akitaka;2;;;;;
420696;Опора шаровая ;Akitaka;2;;;;;
0324036;Рычаг передний нижний левый;Akitaka;1;;;;;
0324035;Рычаг передний нижний правый;Akitaka;1;;;;;
1201MTS;Сайлентблок;Akitaka;2;;;;;
1223ACFL;Тяга стабилизатора передняя левая;Akitaka;1;;;;;
1223ACFR;Тяга стабилизатора передняя правая;Akitaka;1;;;;;
AMDSTGAS79;Комплект прокладок двигателя;AMD;1;;;;;
AMDGAS157;Прокладка поддона МКПП;AMD;2;;;;;
AMDFC54;Фильтр салона;AMD;1;;;;;
AMDEL323;Щеточный узел генератора;AMD;1;;;;;
3018540429;Ролик обводной;Automega;1;;;;;
ADV182107;Фильтр масляный;BLUEPRINT;2;;;;;
ADD62109;Фильтр масляный;BLUEPRINT;1;;;;;
ADG02325;Фильтр топливный;BLUEPRINT;1;;;;;
11247536777;Вкладыш подшибника;BMW;4;;;;;
17117590119;Кронштейн радиатора водяного охлаждения;BMW;1;;;;;
256571;Прокладка глушителя;Bosal;1;;;;;
112X866;Ремень клиновой;Bosch;1;;;;;
5PK900;Ремень поликлиновой;BOSCH;1;;;;;
13x850;Ремень поликлиновой;BOSCH;1;;;;;
10x838;Ремень поликлиновой;BOSCH;1;;;;;
F5969;Фильтр топливный;BOSCH;1;;;;;
PA7203;Водяной насос BUGATTI PA7203;BUGATTI;1;;;;;
473H1003042;Прокладка клапанной крышки;CHERY;1;;;;;
S212906030;Стойка стабилизатора;CHERY;1;;;;;
A131109111FA;Фильтр воздущный ;CHERY;2;;;;;
473H1012010;Фильтр масляный;CHERY;1;;;;;
AVX10X888;Ремень поликлиновой;ContiTech;1;;;;;
12015557B;120 155 57C сальник дифференциала левый! 57x71x7\ VW Golf/Vento/Polo/Lupo/Caddy 1.0-2.0/1.4-1.9D/SDi;Corteco;1;;;;;
12011153;Сальник ступицы;Corteco;1;;;;;
CEKD16L;Наконечник поперечной рулевой тяги;CTR;1;;;;;
CEKD13L;Наконечник поперечной рулевой тяги;CTR;1;;;;;
CEKD16R;Наконечник рулевой;CTR;1;;;;;
CEN120;Наконечник рулевой тяги;CTR;1;;;;;
CBN36;Несущий/направляющий шарнир;CTR;2;;;;;
4PK862;Ремень поликлиновой;DAYCO;1;;;;;
5PK970;Ремень поликлиновой;DONGIL;2;;;;;
4PK820;Ремень поликлиновой;DONGIL;1;;;;;
301397EGT;Наконечник тяги ;EGT;1;;;;;
301401EGT;Наконечник тяги ;EGT;1;;;;;
330364;Датчик давления масла;ERA;1;;;;;
70094;Датчик давления масла;FACET;1;;;;;
05226;Натяжной ролик OPEL 1,6D-1,7D;Febi;1;;;;;
22119;Ролик направляющий;Febi;1;;;;;
AP1422;Фильтр воздушный ;Filtron;1;;;;;
OP575;Фильтр масляный;Filtron;1;;;;;
740908;Прокладка глушителя;Fischer;1;;;;;
5L2Z9H307B;Насос 5L2Z-9H307-B топл. Эл 4,0;Ford;1;;;;;
20407129S;Опора  двигателя;Formpart/Otoform;1;;;;;
FS031C;Фильтр салона;Fortech;1;;;;;
PH3614;Фильтр масляный;FRAM;1;;;;;
R6110S;Клапан впускной;Freccia;1;;;;;
RC201;Крышка расширительного бака;GATES;1;;;;;
4PK1183;Ремень поликлиновой;GATES;1;;;;;
4PK1210;Ремень поликлиновой;GATES;1;;;;;
6217MC;Ремень поликлиновой;GATES;1;;;;;
1064001266;Сайлентблок задний переднего рычага;Geely;2;;;;;
93744675;Датчик холостого хода;General Motors;1;;;;;
9203934;Комплект подшипника ступицы колеса;General Motors;1;;;;;
90528603;НАТЯЖИТЕЛЬ РЕМНЯ ГРМ;General Motors;1;;;;;
90541734;Натяжной ролик, поликлиновой ремень;General Motors;1;;;;;
96144620;Прокладка клапанной крышки;General Motors;1;;;;;
9240033;Ролик дополнительный ремня ГРМ;General Motors;5;;;;;
96282726;Термостат;General Motors;1;;;;;
GUM93;Крестовина кардонного вала;GMB;1;;;;;
GWIS34A;Помпа охлаждающей жидкости GMB;Gmb;1;;;;;
GTA0240;Ролик ГРМ GMB;Gmb;1;;;;;
GT80990;Ролик натяжной;GMB;1;;;;;
111234755;Фланец системы охлаждения;Hans Pries;1;;;;;
H90W03;Фильтр масляный;Hengst;2;;;;;
25450P4V013;Фильтр воздушный ;Honda;1;;;;;
5455525000;Cайлентблок рычага передней подвески;HYUNDAI-KIA;1;;;;;
545300U000;Опора шаровая передняя;HYUNDAI-KIA;1;;;;;
251002A200;"Помпа ""HYUNDAI/KIA"" Hyundai Accent, Elantra, Getz, i20, i30, Kia Ceed, Picanto, Rio, Soul";Hyundai-Kia;1;;;;;
D15019JC;НАСОС ВОДЯНОЙ MITSUBISHI GALANT;Japan Cars;1;;;;;
D15012JC;Насос водяной SPACE WAGON/GALANT;Japan Cars;1;;;;;
D14025;Насос охлаждающей жидкости;Japan Cars;1;;;;;
D11030;Насос охлаждающей жидкости;Japan Cars;1;;;;;
D15020JC;Помпа водяная Hyundai Lantra 90- Sonata I II 91- Kia Joice 00- Mitsubishi Colt III 90- Eclipse;Japan Cars;1;;;;;
FA331S;Фильтр воздушный ;Japanparts;2;;;;;
881340541ALT;РОЛИК 19285 (OPEL, DAEWOO НАТЯЖИТЕЛЬ В СБОРЕ ДЛЯ ПОЛИКЛИНОВОГО РЕМНЯ) ALD;JP;1;;;;;
615290007;Суппорт тормозной;JP;1;;;;;
0636353;Цепь;JP;1;;;;;
JT206K;Фильтр масляный;Js Asakashi;1;;;;;
K235B;Колодки тормозные (комплект)(;Kashiyama;1;;;;;
LA471;Фильтр воздушный ;Knecht/Mahle;1;;;;;
LX1631;Фильтр воздушный ;Knecht/Mahle;1;;;;;
OC264;Фильтр масляный;Knecht/Mahle;1;;;;;
OC617;Фильтр масляный;Knecht/Mahle;1;;;;;
OC295;Фильтр масляный;Knecht/Mahle;1;;;;;
35034;Сайлентблок рычага переднего задний;LEMFORDER;1;;;;;
B1109103;Фильтр воздушный ;Lifan;2;;;;;
LF479Q11017100A;Фильтр масляный;LIFAN;1;;;;;
B8121170;Фильтр салона;LIFAN;1;;;;;
L1117100A1;Фильтр топливный;LIFAN;2;;;;;
B2904810;Шаровая опора;LIFAN;2;;;;;
624165200;Комплект сцепления;Luk;1;;;;;
623304700;Комплект сцепления AUDI: A2 03-05, A3 96-, TT 98-, SEAT: CORDOBA Vario 99-, IBIZA III 99-02, IBIZA I;Luk;1;;;;;
107BL22;Ремень ГРМ;LYNX;1;;;;;
4PK1070;Ремень поликлиновой;LYNX;1;;;;;
HU816X;Фильтр масляный;MANN+Hummel;1;;;;;
23792;Ролик зубчатого ремня ГРМ натяжной;Mapco;1;;;;;
KJ0115010H;Насос охлаждающей жидкости Mazda;Mazda;1;;;;;
6162000720;Насос охлаждающей жидкости Mercedes;Mercedes;1;;;;;
829220501;КОМПЛЕКТ СЦЕПЛЕНИЯ;Meyer;1;;;;;
MD320643;Прокладка выпускнргр крллектора;Mitsubishi;1;;;;;
1340A032;Ремень приводной ;Mitsubishi;5;;;;;
7930077;К-т монтажный тормозных колодок;Mitsuboshi;1;;;;;
MFMB3021;Ремень ГРМ;Mitsuboshi;1;;;;;
J4820905;Наконечник рулевой тяги;Nipparts;4;;;;;
J4882003;Несущий/направляющий шарнир;Nipparts;1;;;;;
J1327015;Фильтр воздушный ;Nipparts;1;;;;;
J1324059;Фильтр воздушный ;Nipparts;1;;;;;
J1325052;Фильтр воздушный ;Nipparts;1;;;;;
J1324058;Фильтр воздушный ;Nipparts;1;;;;;
J1311026;Фильтр масляный;Nipparts;1;;;;;
J1317004;Фильтр масляный;Nipparts;1;;;;;
J1332091;Фильтр топливный;Nipparts;3;;;;;
170409Y000;Насос;Nissan;1;;;;;
GGXD023;Прокладка клапанной крышки;Onnuri;1;;;;;
GFAD003;Фильтр воздушный ;Onnuri;1;;;;;
GFAK004;Фильтр воздушный ;Onnuri;1;;;;;
GFAH018;Фильтр воздушный ;Onnuri;1;;;;;
GFAD005;Фильтр воздушный ;Onnuri;1;;;;;
GFAH003;Фильтр воздушный ;Onnuri;1;;;;;
GFAH008;Фильтр воздушный ;Onnuri;1;;;;;
GFLD001;Фильтр масляный;Onnuri;1;;;;;
GFCH005;Фильтр салона;Onnuri;1;;;;;
GFCH012;Фильтр салона;Onnuri;1;;;;;
GFFG075;Фильтр топливный;Onnuri;1;;;;;
0N1526S;Ролик поликлинового ремня натяжной;Optimal;1;;;;;
P1011113;Бендикс стартера;Patron;1;;;;;
PBK1317;Подшибник ступичный;Patron;2;;;;;
PE21013;Термостат ;Patron;1;;;;;
PS4225R;Тяга стабилизатора;Patron;1;;;;;
PS4225L;Тяга стабилизатора;Patron;1;;;;;
PF1608;Фильтр воздушный ;Patron;1;;;;;
PF1116;Фильтр воздушный ;Patron;2;;;;;
PF2241;Фильтр воздушный ;Patron;1;;;;;
PF1263;Фильтр воздушный ;Patron;1;;;;;
PF1914;Фильтр воздушный ;Patron;1;;;;;
PF1919;Фильтр воздушный ;Patron;1;;;;;
PF1183;Фильтр воздушный ;Patron;1;;;;;
PF1053;Фильтр воздушный ;Patron;1;;;;;
PF2145;Фильтр воздушный ;Patron;1;;;;;
PF1915;Фильтр воздушный ;Patron;1;;;;;
PF1322;Фильтр воздушный ;Patron;1;;;;;
PF1329;Фильтр воздушный ;Patron;1;;;;;
PF1233;Фильтр воздушный ;Patron;1;;;;;
PF4127;Фильтр масляный;Patron;2;;;;;
PF4150;Фильтр масляный;Patron;1;;;;;
PF4134;Фильтр масляный;Patron;1;;;;;
PF4115;Фильтр масляный;Patron;1;;;;;
PF4168;Фильтр масляный;Patron;1;;;;;
PF4035;Фильтр масляный;Patron;1;;;;;
PF4126;Фильтр масляный;Patron;1;;;;;
PF4102;Фильтр масляный;Patron;1;;;;;
PF4105;Фильтр масляный;Patron;1;;;;;
PF2040;Фильтр салона;Patron;1;;;;;
P1GC011;Прокладка клапанной крышки;PMC;1;;;;;
3516821011;Прокладка масляного поддона АКПП;Precision;1;;;;;
715365700;Прокладка, корпус впускного коллектора;REINZ;1;;;;;
153436401;Прокладка, натяжное приспособление цепи привода;REINZ;1;;;;;
917804;Наконечник рулевой тяги;RUVILLE;2;;;;;
3000381001;Сцепление, комплект;Sachs;1;;;;;
A6127;Фильтр воздушный ;Sakura;1;;;;;
CA1708;Фильтр воздушный ;Sakura;1;;;;;
ST329;Фильтр топливный;SCT;1;;;;;
863627;Рычаг независимой подвески колеса;SIDEM;1;;;;;
863640;Рычаг независимой подвески колеса;SIDEM;1;;;;;
6710100514;Сальник коленвала;Ssang Yong;1;;;;;
80928200;Несущий/направляющий шарнир;SWAG;1;;;;;
T451A1STD;Вкладыш коленвала упорный;TAIHO;1;;;;;
R723A025;Вкладыши шатунные;TAIHO;1;;;;;
R723ASTD;Вкладыши шатунные;TAIHO;1;;;;;
6PK1300;Ремень поликлиновой;Toyopower;1;;;;;
8791060250;Зеркало;Toyota;1;;;;;
91641;Фильтр воздушный ;TSN;2;;;;;
91483;Фильтр воздушный ;TSN;2;;;;;
911410;Фильтр воздушный ;TSN;2;;;;;
91563PU;Фильтр воздушный ;TSN;2;;;;;
91974;Фильтр воздушный ;TSN;2;;;;;
911259;Фильтр воздушный ;TSN;2;;;;;
9330;Фильтр топливный;TSN;4;;;;;
9328;Фильтр топливный;TSN;1;;;;;
SNLS238A;Втягивающее реле стартера;UNIPOINT;1;;;;;
251919369;Датчик т/ж VW Golf/Jetta/Polo 1.0-1.3 85-89/T2 1.9 VAG;Vag;1;;;;;
8D0951253A;Реле, предпусковой подогрев впускной трубы;Vag;1;;;;;
ZV809335;Болт задний развальный с эксцентриком;ZZVF;8;;;;;
1061069;Сайлентблок передней подвески задний;Точка Опоры;2;;;;;
106414;Сайлентблок передней подвески передний;Точка Опоры;2;;;;;
