Артикул;Наименование;Группа;Статистика;Кол-во;Цена;Питер-5;Е;%
1400577;Абсорбер зад. бампера, а/м Астра Н сед.;General Motors;;1;160,63;1216,95;1071,63;567,15 
13412606;Амортизатор;General Motors;;1;2 280,78;3743,95;3316,16;45,40 
436387;Амортизатор задний левый, а/м Корса 1.2;General Motors;;1;815,50;;;
96494605;Амортизатор задний маслянный, а/м Авео Т200;General Motors;;2;439,49;1385,1;1219,7;177,53 
436325;Амортизатор задний, а/м Астра Н 1.6;General Motors;;6;522,70;;;
344857;Амортизатор перед Астра J;General Motors;;1;937,04;;;
344762;Амортизатор передний;General Motors;;1;927,94;;;
13412719;Амортизатор передний;General Motors;;1;1 085,30;4916,25;4378,17;303,41 
96586887;Амортизатор передний левый, а/м Авео Т200;General Motors;;2;658,55;2918,4;2584,94;292,52 
344077;Амортизатор передний левый, а/м Астра G;General Motors;;1;782,85;;;
344676;Амортизатор передний левый, а/м Зафира 2.0;General Motors;;1;747,36;;;
344654;Амортизатор передний левый, а/м Корса 1.2;General Motors;;1;825,43;10772,05;9699,3;1075,06 
344964;Амортизатор передний прав Астра J /2;General Motors;;1;1 042,79;;;
96980825;Амортизатор передний правый, а/м Авео 1.4л;General Motors;;2;673,66;3248,05;2876,92;327,06 
96586888;Амортизатор передний правый, а/м Авео Т200;General Motors;;2;690,79;6426,75;5739,19;730,82 
344076;Амортизатор передний правый, а/м Астра G;General Motors;;1;782,85;;;
13337807;Амортизатор передний, а/м Круз;General Motors;;1;905,14;9684,3;8719,88;863,37 
13337808;Амортизатор передний, а/м Круз;General Motors;;1;905,14;9684,3;8719,88;863,37 
25871206;Амортизатор передний, а/м Тахо;General Motors;;1;1 344,20;11175,8;10062,84;648,61 
176549;Бампер задний Insignia;General Motors;;1;1 691,03;;;
95460678;Бампер задний Авео Т300 хэтч б/з датчиков;General Motors;;1;1 513,61;6251,95;5583,09;268,86 
1404522;Бампер задний Астра Н;General Motors;;1;2 100,40;;;
1404556;Бампер задний АстраJ;General Motors;;1;3 108,81;3068,5;2717,89;-12,57 
52022595;Бампер задний Кобальт;General Motors;;1;1 160,58;7777,65;6964,22;500,06 
94824506;Бампер задний Круз седан под парктроники с 2009;General Motors;;2;1 312,37;;;
95479273;Бампер задний Круз седан с парктрониками до 2012;General Motors;;3;2 264,53;8294,45;7448,32;228,91 
96545559;Бампер задний Лачетти седан;General Motors;45;1;2 672,58;3479,85;3082,24;15,33 
96838453;Бампер задний Лачетти универсал;General Motors;;1;3 071,41;13537,5;12189,35;296,87 
96960447;Бампер задний Лачетти х/б;General Motors;;1;2 111,19;5704,75;5094,43;141,31 
96487906;Бампер задний Эпика;General Motors;;1;2 161,03;13086,25;11783,04;445,25 
1404230;Бампер задний, а/м Astra J;General Motors;;1;3 022,22;;;
1400479;Бампер перед;General Motors;;1;3 640,88;;;
1401102;Бампер передний Insignia;General Motors;;1;3 251,71;17434,4;15698,18;382,77 
1401124;Бампер передний Insignia;General Motors;;1;3 854,13;14696,5;13232,93;243,34 
1400368;Бампер передний Астра Н;General Motors;;1;2 300,95;;;
1400303;Бампер передний Астра Н;General Motors;;1;2 713,12;6099,95;5447,35;100,78 
95022993;Бампер передний Круз;General Motors;80;2;2 019,15;3599,55;3188,26;57,90 
95135073;Бампер передний Круз до ресталинга;General Motors;;2;2 592,66;5099,6;4541,45;75,17 
96547252;Бампер передний Лачетти сед./унив. 2005-2007г.;General Motors;;1;2 217,94;2841,45;2516,78;13,47 
1401111;Бампер передний Мокка;General Motors;;1;1 487,46;;;
95460370;Бампер передний Орландо;General Motors;;1;1 987,93;10238,15;9218,57;363,73 
95492653;Бампер передний Орландо;General Motors;;1;896,39;4146,75;3672,94;309,75 
95215562;Бачок радиатора расширительный;General Motors;;1;230,53;5173,7;4607,44;1898,59 
013013040603A;Бачок расширительный, а/м Корса B 1.2-1.4;General Motors;;1;79,10;;;
1450217;Бачок стеклоомывателя;General Motors;;1;302,10;;;
6450506;Бачок стеклоомывателя,;General Motors;;1;348,06;3571,05;3163,02;808,77 
11588743;Болт;General Motors;;1;23,65;20,9;18,3;-22,63 
423056;Болт М 12;General Motors;;2;33,67;;;
607960;Болт М10;General Motors;;2;4,75;168,15;147,24;2998,73 
11610596;Болт М12;General Motors;;1;37,33;311,6;272,85;630,85 
404803;Болт М12;General Motors;;4;36,04;221,35;193,82;437,81 
13231667;Болт М12;General Motors;;2;37,86;175,75;153,89;306,51 
684307;Болт М12;General Motors;;1;30,92;78,85;69,04;123,28 
94500987;Болт М12;General Motors;77;4;15,74;31,35;27,45;74,35 
1008504;Болт М12 крепления колеса к ступице;General Motors;;1;20,92;119,7;104,81;400,91 
436922;Болт М14;General Motors;;1;62,38;;;
2000395;Болт М14;General Motors;;1;47,25;;;
2005281;Болт М14;General Motors;;1;76,87;529,15;463,35;502,74 
2005282;Болт М14;General Motors;;1;93,82;641,25;561,51;498,52 
94580295;Болт М4;General Motors;;5;12,68;17,1;14,97;18,08 
94501534;Болт М6;General Motors;;10;7,27;10,45;9,15;25,82 
94501174;Болты крепления подрамника;General Motors;;6;24,55;53,2;46,58;89,72 
13386320;Вал приводной колеса, а/м Orlando;General Motors;;1;3 968,74;6831,45;6116,98;54,13 
96453393;Вал приводной колеса, а/м Эпика;General Motors;;1;2 771,87;14170,2;12759,04;360,30 
212141006010000;Вал распределительный;General Motors;;1;193,87;1674,85;1474,85;660,74 
96467001;Вал распределительный впускной;General Motors;;1;1 468,83;3757,25;3327,94;126,57 
1845152;Вентильтор отопителя салона 90 /2;General Motors;;1;1 933,48;;;
6341171;Вентилятор охлаждения 1.6/1.8L w/o AC Астра Н,Зафира В;General Motors;;1;2 669,09;16360,9;14731,58;451,93 
13335181;Вентилятор радиатора 100Вт;General Motors;;1;1 979,30;4316,8;3823,56;93,18 
1732193;Верхний внешний багажник Астра J сед 2012-2014;General Motors;;1;1 178,78;;;
96180883;Вилка КПП;General Motors;;1;231,51;3080,85;2728,83;1078,72 
96337048;Вилка КПП, а/м Епика;General Motors;;1;498,55;185,25;162,21;-67,46 
94501688;Винт;General Motors;;10;2,00;19;16,63;732,31 
2005018;Винт М6;General Motors;;1;11,28;;;
13379755;Винт М6;General Motors;;1;11,82;56,05;49,08;315,07 
13281351;Винт М6;General Motors;;5;57,11;250,8;219,61;284,54 
11101291;Винт М6;General Motors;;1;13,66;37,05;32,44;137,47 
4803295;Винт-саморез d=6мм;General Motors;;10;7,05;118,75;103,98;1375,10 
1404758;Вставка заднего бампера;General Motors;;1;638,01;;;
1404261;Вставка заднего бампера Инсигния;General Motors;;1;780,03;4499,2;4006,76;413,67 
BGTLDL06;Вставка на двери( проектор с логотипом);General Motors;;1;510,80;;;
94745781;Вставка напольной консоли;General Motors;;1;289,59;57;49,91;-82,76 
108476;Вставка-ограничитель ветрового стекла Astra J;General Motors;;8;7,22;7,6;6,65;-7,96 
212141007206300;Втулка;General Motors;23;4;6,70;70,3;61,55;819,34 
212141007077300;Втулка гидроопоры;General Motors;;8;15,25;33,25;29,11;90,91 
96845649;Втулка дренажного отверстия кузова, а/м Круз, Спарк, Орландо;General Motors;;8;2,39;53,2;46,58;1850,84 
96535159;Втулка заднего амортизатора, а/м Авео;General Motors;;2;39,76;151,05;132,26;232,65 
111808212778000;Втулка крепления накладки;General Motors;;5;0,77;;;
0350130;Втулка стабилизатора переднего;General Motors;;2;90,09;228;199,64;121,60 
94733258;Втулка стабилизатора подвески;General Motors;46;4;63,15;;;
350117;Втулка стабилизатора подвески, а/м Астра Н унив.;General Motors;;10;32,88;277,4;242,9;638,72 
MN101395;Втулки стаб здн;General Motors;;1;29,59;;;
2962765;втулки стабилизатора задние;General Motors;;2;83,15;;;
20921403;втулки стабилизатора переднего;General Motors;117;2;83,15;129,2;113,13;36,05 
20786700;Выключатель аварийной сигнализации;General Motors;;1;155,61;741;648,86;316,97 
1612681;Выключатель аудиосистемы/2;General Motors;;1;1 080,02;6657,6;5945,34;450,48 
212133710180010;Выключатель блокировки дифференциала;General Motors;;1;10,83;55,1;48,24;345,57 
4817811;Выключатель блокировки переключения передач;General Motors;;1;191,73;;;
1716900;Выключатель двери концевой;General Motors;;1;245,66;2236,3;1969,26;701,63 
759304;Выключатель концевой;General Motors;;1;142,33;2802,5;2482,28;1643,97 
1241540;Выключатель регулировки;General Motors;;1;472,47;;;
212303710410020;Выключатель света заднего хода;General Motors;;1;16,23;82,65;72,37;345,80 
1240369;Выключатель света фар комбинированный, а/м Корса D;General Motors;;1;285,65;4412,75;3908,54;1268,28 
X1020000;Гайка колеса (к-т.), а/м Авео/Епика;General Motors;;5;221,73;591,85;518,25;133,73 
EC13312024;Гайка колеса (к-т.), а/м Круз;General Motors;;2;300,95;2079,55;1831,23;508,49 
2001341;Гайка м8;General Motors;;5;175,81;;;
21021808;Гайка М8 шестигранная;General Motors;;12;25,75;3,8;3,32;-87,11 
1405184;Гаситель удара задн., Астра;General Motors;;1;1 300,30;;;
212363701010000;Генератор;General Motors;;1;2 162,34;;;
1204621;Генератор 100А 2;General Motors;;1;5 754,97;;;
13580078;Генератор 80А, а/м Круз, Каптива, Орландо;General Motors;;1;4 648,38;28563,65;25719,11;453,29 
852502;Глушитель Корса D;General Motors;;1;1 109,45;;;
212141003011300;Головка цилиндров в сборе;General Motors;;1;1 084,86;8126,3;7297,32;572,65 
1238399;Датчик ABS передний, а/м Корса D;General Motors;;1;335,84;;;
4820577;Датчик АБС(количества оборотов);General Motors;;1;817,28;;;
1252555;Датчик давления масла ALL;General Motors;;3;56,62;273,6;239,57;323,15 
211203855020020;Датчик детонации;General Motors;;2;49,16;158,65;138,92;182,59 
1934750755563348;"Датчик кислородный Aveo T300 1,6; Cruze 1,4T; Mokka 1,4T; Astra J 1,4T; Corsa D 1,2; Corsa D 1,4; Me";General Motors;;1;552,59;;;
4803502;Датчик кислородный Каптива2010;General Motors;;1;755,30;5415,95;4823,18;538,58 
210831130010200;Датчик массового расхода воздуха HFMSCL;General Motors;;2;444,08;1674,85;1474,85;232,11 
6235697;Датчик оборотов распредвала, а/м Астра Н;General Motors;;2;718,37;3499,8;3099,91;331,52 
1238113;Датчик оборотов тарнсмиссии ввод Астра Н, Зафира В;General Motors;;1;960,69;;;
6238679;Датчик подушки безопасности;General Motors;;1;839,09;1129,55;989,09;17,88 
1235273;Датчик подушки безопасности (замена6235657);General Motors;;2;637,61;5449,2;4852,79;661,09 
1235274;Датчик подушки безопасности Зафира В;General Motors;;1;599,65;1895,25;1668,94;178,32 
96945708;Датчик подушки безопасности, а/м Епика;General Motors;;1;2 707,17;5405,5;4813,87;77,82 
96417796;Датчик подушки безопасности, а/м Реззо;General Motors;;1;2 274,51;3906,4;3460,05;52,12 
211201148200000;Датчик положения дроссельной заслонки;General Motors;;12;57,40;212,8;186,33;224,59 
55571977;Датчик положения коленвала;General Motors;;1;279,14;2820,55;2498,27;794,98 
211203847010000;Датчик положения коленвала;General Motors;;1;78,73;259,35;227,1;188,46 
25889337;Датчик положения педали тормоза;General Motors;;1;156,47;1106,75;969,13;519,39 
24253028;Датчик скорости АКПП;General Motors;;1;570,19;1156,15;1018,09;78,55 
6238266;Датчик температуры охл. жидкости;General Motors;;5;135,14;1471,55;1295,83;858,89 
000017504578000;Датчик удара 2-зоновый PI-90D;General Motors;;8;49,17;273,6;239,57;387,23 
95951605;Дверь задняя левая Спарк М300;General Motors;;1;1 830,35;38471,2;34640,01;1792,54 
96476669;Дверь задняя откидная Авео х/б (под спойлер);General Motors;;1;2 388,44;17535,1;15788,85;561,05 
96476670;Дверь задняя откидная Авео хэтч.;General Motors;;1;2 252,09;16500,55;14857,32;559,71 
126127;Дверь задняя откидная Астра Н;General Motors;;1;3 794,64;;;
95416990;Дверь задняя правая Каптива;General Motors;;1;5 930,37;60029,55;54051,45;811,43 
95987755;Дверь задняя правая Орландо;General Motors;;1;3 365,65;15913,45;14328,69;325,73 
96487679;Дверь передняя левая Епика;General Motors;;1;2 930,76;17016,4;15321,8;422,79 
124087;Дверь передняя левая Корса D;General Motors;;2;3 178,27;;;
95987753;Дверь передняя правая Орландо;General Motors;;1;3 365,65;11805,65;10629,97;215,84 
96964422;Двигатель стеклоподъемника двери, а/м Круз;General Motors;;1;608,84;562,4;492,46;-19,11 
345037;Демпфер амортизатора;General Motors;;1;221,60;;;
126977;Демпфер задней откидной двери Зафира В;General Motors;;3;27,31;175,75;153,89;463,49 
95484915;Диск колесный R15 Spark M300;General Motors;;1;4 057,42;20147,6;18141,18;347,11 
212331601130000;Диск сцепления ведомый;General Motors;;1;550,64;1928,5;1698,22;208,41 
96879395;Диск сцепления ведомый, а/м Каптива, Круз, Лачетти, Эпика;General Motors;;2;1 614,90;2292,35;2030,42;25,73 
212331601085000;Диск сцепления нажимной;General Motors;;1;399,40;1804,05;1588,63;297,76 
664056;Диск сцепления, а/м Астра Н(Z12XEP,Z14XEP);General Motors;;2;1 067,00;;;
664056;Диск сцепления, а/м Астра Н(Z12XEP,Z14XEP);General Motors;;1;1 067,00;;;
20955857;Диск тормозной Antara\Captiva;General Motors;;2;1 496,76;5206;4636,2;209,75 
1934759813502134;"Диск тормозной задний, j67 Cruze; Tracker; Astra J; Mokka";General Motors;;2;235,77;;;
4351226190;Диск тормозной перед;General Motors;;2;1 596,36;;;
1934761396549782;Диск тормозной передний (Lacetti);General Motors;;2;241,94;;;
96455424;Диск тормозной передний, а/м Спарк/Матиз;General Motors;;2;287,36;1064;931,69;224,22 
569109;Диски тормозные задние, а/м Астра Н/Зафира В;General Motors;;2;890,83;11978,55;10785,65;1110,74 
1515000;Диски+колодки тормозные, а/м Астра G;General Motors;;1;1 106,92;;;
1405064;Заглушка панели бампера;General Motors;;1;0,24;1300,55;1145,25;481946,14 
95961846;Заглушка панели бампера переднего, а/м Спарк;General Motors;;4;18,29;1137,15;1001,36;5373,79 
00017504369550;Задняя защита Нива FL;General Motors;;1;370,97;;;
184143;Задняя стенка нар., астра;General Motors;;1;953,21;2633,4;2332,5;144,70 
95228739;Зажим;General Motors;;1;73,93;37,05;32,44;-56,12 
176491;Замок;General Motors;;2;714,26;;;
212306305013110;Замок двери задка;General Motors;;1;210,63;724,85;634,71;201,33 
212306305013100;Замок двери задка в сборе;General Motors;;2;135,46;;;
133734;Замок двери передней левой ASTRA J , MOKKA, ZAFIRA C;General Motors;;1;955,48;;;
212306205013110;Замок задней двери левый;General Motors;;1;210,18;852,15;746,19;255,02 
212306205013100;Замок задней двери левый с эл. приводом;General Motors;;6;102,33;275,5;241,24;135,75 
212306205012100;Замок задний двери правый с эл. приводом;General Motors;;6;103,59;481,65;421,76;307,16 
913709;Замок зажигания с ключом;General Motors;;1;655,75;;;
212306105012110;Замок передней двери правый;General Motors;;1;224,72;548,15;479,99;113,59 
212306105013100;Замок передней двери с приводом левый;General Motors;;2;135,20;;;
212306105012100;Замок передней двери с приводом правый;General Motors;;5;144,35;744,8;652,18;351,79 
13579522;Замок передней двери, а/м Круз, Орландо, Авео Т300, Малибу, Камаро;General Motors;;1;955,17;3798,1;3364,12;252,20 
212308217030000;Замок ремня безопасности, Нива;General Motors;;2;26,34;;;
RTR6204;Замок центральный;General Motors;;1;219,52;;;
NLZ3723021;Зашита картера Opel Mokka 1.8 бензинМКПП;General Motors;;1;246,61;;;
13588869;Защелка замка двери;General Motors;;1;622,71;2937,4;2601,77;317,82 
94534170;Защелка капота;General Motors;;1;43,01;133,95;117,29;172,72 
96831841;Зеркало заднего вида левое в сборе, а/м Круз;General Motors;47;1;1 061,41;3734,45;3307,75;211,64 
95948891;Зеркало заднего обзора в сборе;General Motors;;1;1 496,93;3014,35;2669,92;78,36 
4803472;Зеркало заднего обзора в сборе правое, а/м Антара;General Motors;;1;1 252,97;;;
1428528;Зеркало заднего обзора салонное а/м Астра J;General Motors;;1;1 573,91;;;
1428546;Зеркало салона заднего обзора;General Motors;;1;3 849,51;13425,4;12088,42;214,02 
95072673;Испаритель кондинционера;General Motors;;1;4 115,69;17919,85;16135,28;292,04 
1618419;Испаритель системы охлаждения;General Motors;;1;4 575,94;;;
96888473;Капот Авео;General Motors;;1;2 247,36;;;
1160050;Капот Астра J 3 дверной;General Motors;;1;2 738,75;28989,25;26102,33;853,08 
95494307;Капот Орландо;General Motors;;1;3 256,82;;;
96688485;Капот Спарк М300;General Motors;;1;1 803,77;10770,15;9697,59;437,63 
855448;Каталитический нейтролизатор выхлопных газов 2;General Motors;;1;5 168,77;;;
423705;Катушка зажигания а/м Тигра;General Motors;;1;558,32;;;
1588A141;Кислородный датчик первого положения;General Motors;;1;551,96;;;
96958412;Клапан регулировки холостого хода;General Motors;;2;773,52;3662,25;3243,79;319,36 
850351;Клапан системы рециркуляции электромагнитный;General Motors;;1;387,46;2409,2;2133,92;450,74 
807888;Клапан управления топливоиспар;General Motors;;1;2 372,10;;;
5138201;Кнопка ручки двери;General Motors;;1;20,43;;;
000155555702000;Коллектор выпускной с нейтрализ;General Motors;;2;3 467,71;;;
96626070;Колодки тормозные;General Motors;;1;1 259,18;6281,4;5609,39;345,48 
1605176;Колодки тормозные задние Астра J/Круз/Мокка/Орландо ИСПОЛЬЗОВАТЬ 1605296!!!(13300867, 13411380);General Motors;;1;712,74;;;
96394977;Колодки тормозные задние барабанные, а/м Реззо;General Motors;;1;568,98;1075,4;941,68;65,50 
1605056;Колодки тормозные задние Вектра А, Корса С;General Motors;;3;377,90;1460,15;1285,79;240,25 
4819239;Колодки тормозные задние Каптива, Антара 95459513;General Motors;;1;950,32;2689,45;2382,15;150,67 
1605356;Колодки тормозные задние, а/м Корса D;General Motors;;1;590,79;561,45;491,63;-16,78 
1605108;Колодки тормозные задние, а/м Корса D 3D;General Motors;;2;736,69;1960,8;1726,66;134,38 
1605042;Колодки тормозные задние, а/м Корса С;General Motors;;2;617,76;2062,45;1816,17;193,99 
PN34002;Колодки тормозные передние (1605232  1605186);General Motors;;2;585,36;;;
1605913;Колодки тормозные передние Фронтера, Монтерей.;General Motors;;1;1 020,68;4704,4;4189,5;310,46 
1605098;Колодки тормозные передние, а/м Астра Н/Зафира В;General Motors;;6;836,12;1428,8;1258,18;50,48 
1605177;Колодки тормозные передние, а/м Астра Н/Зафира В/Мерива 1605099;General Motors;;1;902,81;2337,95;2070,81;129,37 
1605202;Колодки тормозные передние, а/м Инсигния;General Motors;;3;662,34;1789,8;1576,08;137,95 
1605434;"Колодки тормозные передние, а/м Инсигния 17"", Астра gtc, Зафира С Tourer (1605186)1605232)";General Motors;;1;1 140,39;3777,2;3345,61;193,37 
1605100;"Колодки тормозные передние, а/м Инсигния 18""/Astra ОPC";General Motors;;2;2 424,96;;;
96626069;Колодки тормозные передние, а/м Каптива/Антара;General Motors;;1;1 092,87;3756,3;3327,1;204,44 
1605974;Колодки тормозные передние, а/м Корса С;General Motors;;3;472,32;1090,6;954,99;102,19 
1605964;Колодки тормозные передние, а/м Корса С/ Комбо;General Motors;;1;479,94;1692,9;1490,75;210,61 
13412810;Колодки тормозные передние, а/м Круз, Орландо, Мокка, Astra J (1605178);General Motors;;1;950,32;4142;3668,73;286,05 
212307909020302;Колонки акустические ALPINE SXE-13C2;General Motors;;3;630,78;1848,7;1627,94;158,08 
212307909020302;Колонки акустические ALPINE SXE-13C2;General Motors;;1;630,78;1848,7;1627,94;158,08 
6006255;Колпак колесного диска;General Motors;;1;245,41;1200,8;1057,41;330,87 
96994760;"Колпак колесного диска 16"" Круз (1006296 Астра Н)";General Motors;21;2;352,38;1344,25;1183,73;235,92 
6006257;Колпак колесного диска, а/м Астра Н;General Motors;;2;216,49;2867,1;2539,5;1073,04 
95459391;Колпак ступицы колеса Спарк М300;General Motors;;4;70,88;38;33,27;-53,06 
94535501;Кольцо уплотн. трубки системы охлаждения;General Motors;;8;5,25;7,6;6,65;26,71 
94535486;Кольцо уплотн. трубки системы охлаждения;General Motors;;4;5,25;7,6;6,65;26,71 
679622;Кольцо уплотн. шланга сцепления, а/м Астра Н;General Motors;;3;15,21;215,65;188,83;1141,88 
1850707;Кольцо уплотнительное;General Motors;;1;45,47;94,05;82,35;81,12 
061420390325571;Кольцо уплотнительное  коленвала;General Motors;;3;190,47;;;
5860146;Кольцо уплотнительное трубокомпрессора;General Motors;;1;192,01;;;
94525163;Кольцо упорное КПП;General Motors;;5;43,95;5,7;4,99;-88,65 
950802;Кольцо фиксации уплотнения на трубке/2;General Motors;;1;41,16;;;
NLZ5206220;Комплект защита картера и крепеж Нива;General Motors;;2;129,01;;;
95985982;Комплект накладок переднего бампера 2;General Motors;;1;308,07;49,4;43,25;-85,96 
95985979;Комплект накладок переднего бампера Авео Т300;General Motors;;1;334,95;70,3;61,55;-81,62 
1272067;Комплект щеток стеклоочистителя;General Motors;;1;592,99;2881,35;2552,12;330,38 
23333680;Кондиционер, Астра;General Motors;;1;5 107,99;18744,45;16877,76;230,42 
179978;Консоль передняя Мокка;General Motors;;1;963,54;;;
212301411020500;Контролёр BOSCH MЕ17.9.71;General Motors;;1;1 291,45;3831,35;3393,57;162,77 
13105950;Контрольно-испарительный клапан;General Motors;;1;634,15;3120,75;2764,17;335,89 
666078;Корзина сцепления Авео Т300;General Motors;;3;993,90;3460,85;3065,41;208,42 
666078;Корзина сцепления Авео Т300;General Motors;;1;993,90;3460,85;3065,41;208,42 
96878202;Корзина сцепления, а/м Круз;General Motors;;2;1 593,71;22829,45;20555,96;1189,82 
96845266;Короб порога пер пр часть;General Motors;;1;0,24;15723,45;14157,61;5958966,75 
212141006033000;Корпус подшипника распред вала;General Motors;;1;150,95;384,75;336,9;123,18 
OPLAD;Корректор педали Jetter OPL AD;General Motors;;1;1 102,38;;;
1612049;Корректор света фар, а/м Корса С;General Motors;;1;581,97;3669,85;3250,53;458,54 
168105;Крепеж;General Motors;;4;5,64;;;
1732171;Крепление  транспортное Зафира С для релингов (поперечены);General Motors;;2;1 225,42;4084,05;3617,4;195,20 
4801878;Крепления бампера;General Motors;;8;23,30;105,45;92,33;296,31 
1412015;Крепления для велосипеда (на зад! на OPEL);General Motors;;1;1 895,94;;;
1287991;Кронштейн;General Motors;;1;38,08;;;
1704012;Кронштейн бампера;General Motors;;1;102,84;;;
1404560;Кронштейн задн бамп левый, Астра;General Motors;;1;93,52;735,3;643,87;588,47 
1406496;Кронштейн задн. бампера нижн прав., Астра;General Motors;;1;22,05;;;
AVS01SB;Кронштейн зеркала;General Motors;;10;128,29;;;
13266388;Кронштейн КПП;General Motors;;1;0,24;660,25;578,15;243248,59 
212301109186000;Кронштейн крепл. корп возд фильтра, Нива;General Motors;;1;12,70;;;
1101042;Кронштейн крепления крыла прав., Астра;General Motors;;1;0,24;532;465,84;195976,29 
000017504597000;Кронштейн крепления передний;General Motors;;1;477,93;1157,1;1018,93;113,20 
1337826;Кронштейн крепления радиатора;General Motors;;1;0,24;;;
6110813;Кронштейн крыла переднего левого, а/м Зафира В;General Motors;;1;46,52;313,5;274,51;490,08 
6101459;Кронштейн крыла переднего левого, а/м Корса D;General Motors;;1;207,61;;;
95422590;Кронштейн кузова;General Motors;;1;113,96;464,55;406,78;256,96 
95480152;Кронштейн номерного знака;General Motors;;1;54,09;;;
1188003;Кронштейн номерного знака Мокка;General Motors;;1;141,61;;;
1100054;Кронштейн переднего крыла;General Motors;;1;35,20;;;
25182554;Кронштейн подвески двигателя;General Motors;;1;654,35;3464,65;3068,77;368,98 
1406235;Кронштейн прав. крепл спойлера задн бамп. Астра;General Motors;;1;0,24;;;
212301804021000;Кронштейн рычага управления РК;General Motors;;1;16,92;;;
13372780;Кронштейн тормозного суппорта;General Motors;;2;1 591,66;3137,85;2779,31;74,62 
1404337;Кронштейн угловой заднего бампера, OPC;General Motors;;1;127,00;715,35;626,4;393,21 
42372137;Крыло переднее левое 42372137;General Motors;;1;1 471,91;5985,95;5345,55;263,17 
96888470;Крыло переднее левое Авео Т250;General Motors;;1;1 065,05;2987,75;2646,36;148,47 
96476684;Крыло переднее правое Авео 2006-2008;General Motors;;1;1 056,24;17366,95;15637,44;1380,49 
96888471;Крыло переднее правое Авео Т250;General Motors;;1;1 065,05;;;
52026342;Крыло переднее правое Кобальт;General Motors;;1;1 294,42;6206,35;5542,37;328,17 
95977325;Крыло переднее правое Спарк;General Motors;;2;1 095,59;3289,85;2913,95;165,97 
1405499;Крышка буксирной серьги;General Motors;;2;82,08;510,15;446,71;444,21 
1405122;Крышка буксировочной серьги;General Motors;;1;76,79;;;
95948444;Крышка буксировочной серьги;General Motors;;1;6,41;48,45;42,42;561,29 
212303402050550;Крышка выключателя звукового сигнала;General Motors;;1;91,04;2259,1;2000,97;2097,88 
212302301014100;Крышка картера переднего моста нижняя;General Motors;;1;152,02;1095,35;959,15;530,92 
95093330;Крышка монтажная ремня безопасности;General Motors;;1;62,58;136,8;119,78;91,40 
95093331;Крышка монтажная ремня безопасности;General Motors;;1;121,68;26,6;23,29;-80,86 
164390;Крышка панели домкрата;General Motors;;1;603,49;;;
164391;Крышка панели домкрата;General Motors;;1;603,49;;;
164389;Крышка панели домкрата;General Motors;;1;603,49;;;
1401028;Крышка против ниж лев., Астра;General Motors;;1;46,18;744,8;652,18;1312,23 
13263328;К-т прокладок системы вентиляции;General Motors;;1;465,14;2411,1;2135,6;359,13 
1781;Лампа;General Motors;;7;16,16;;;
13503414;Лампа (H1) дальний свет   Авео Т300 (94535541);General Motors;;3;83,08;147,25;128,94;55,20 
H10;Лампа (H10)  противотуманная фара Астра GTC;General Motors;;6;152,05;466,45;408,45;168,63 
94535545;Лампа (H4) фары передней (ближ./даль.) 60/55W круз/авео/орландо/спарк;General Motors;;4;51,28;243,2;212,95;315,29 
13503384;Лампа (H7) фары передней (ближ. свет)  55W, а/мАвео 300/ Каптива, Лачетти,Астра,Мерива А/Эпика;General Motors;;5;65,73;571,9;500,78;661,86 
4808897;Лампа (H8) противотуманной фары (H11);General Motors;;10;107,77;582,35;509,93;373,18 
94535582;Лампа габаритная б/ц, 5W (оранж);General Motors;;7;15,48;36,1;31,61;104,25 
20985831891;Лампа двухконтактная б/ц , 21/5W (перед.габар. Астра J/стоп-сигнал АНТАРА);General Motors;;3;21,38;;;
2098348;Лампа заднего фонаря 5 вт Ва15S;General Motors;;18;9,99;24,7;21,62;116,51 
2098745;Лампа заднего хода/ задняя противотуманная фара, 21W Астра J;General Motors;;14;51,16;158,65;138,92;171,54 
2098038;Лампа накаливания стоп сигнала;General Motors;;10;103,50;418,95;366,85;254,43 
2098345;Лампа одно(двух)контактная, 21W (стоп сигнал астра Н/корса D);General Motors;;1;12,87;151,05;132,26;927,30 
2098350;Лампа передней фары б/ц, 5W (подномерник/габарит);General Motors;;9;8,12;131,1;114,79;1313,99 
2098020;Лампа поворотника Астра J;General Motors;;1;201,20;1022,2;895,09;344,88 
2098421;Лампа подсветки двухцокольная, 5W;General Motors;;24;6,93;36,1;31,61;356,12 
94535590;Лампа подсветки салона;General Motors;92;3;9,26;35,15;30,77;232,34 
2098674;Лампа сигнал поворота (21W) Астра GTC;General Motors;;5;131,10;432,25;378,5;188,72 
94535564;Лампа стоп сигнала двухконтактная лачетти/корса/круз/спарк (13505768);General Motors;;17;9,89;67,45;59,06;497,28 
94535560;Лампа стоп сигнала одноконтактная, 12W;General Motors;;10;8,32;19;16,63;99,99 
2098027;Лампочка ближнего света Астра GTC;General Motors;;6;212,20;1691,95;1489,91;602,12 
13503410;Лампочка противотуманной фары 24Вт;General Motors;;1;237,58;1031,7;903,41;280,25 
000017501647000;Личинки замков багажника;General Motors;;2;117,04;582,35;509,93;335,67 
95478786;Лонжерон задний лев., Каптива;General Motors;;1;1 825,35;13350,35;12020,84;558,55 
20901201;Лонжерон задний прав., Каптива;General Motors;;1;1 755,22;39472,5;35541,59;1924,90 
9196535;Масло в РК (75W90);General Motors;;0;178,19;1313,85;1156,96;549,30 
SEZ68;Масло в систему кондиционирования;General Motors;;0;273,22;;;
1940715;Масло для ГУР, 1л (зеленое);General Motors;133;2;116,70;852,15;746,19;539,38 
MZ320153;Масло моторное API SM 5W30 (1л);General Motors;;1;92,66;;;
194005793165387;Масло трансмиссионное;General Motors;;1;629,52;;;
90485353;Масло трансмиссионное  1л,;General Motors;;1;219,63;765,7;670,49;205,29 
93740313;Масло трансмиссионное для АКПП (DEXRON 3), 1л, а/м Авео/Лачетти;General Motors;90;0;93,08;371,45;325,26;249,43 
194018493165414;Масло трансмиссионное для АКПП (DEXRON 6) Эпика/Круз/Каптива (6т30 6т40)(1940184) 1л;General Motors;;1;208,70;;;
93742563;Масло трансмиссионное для АКПП, 1л, а/м Спарк М300  Dexron3;General Motors;;6;137,80;3578,65;3169,75;2200,30 
212301703050000;Механизм выбора передач в сборе;General Motors;;1;315,78;2708,45;2398,98;659,69 
212301041050200;Механизм натяжения ремня в сборе;General Motors;;4;173,16;1293,9;1139,39;558,01 
96290073;Механизм переключения передач;General Motors;;1;19,69;;;
42344373;Механизм переключения передач;General Motors;;1;2 618,31;15581,9;14030,16;435,85 
95441448;Механизм переключения передач;General Motors;;1;2 208,06;5368,45;4780,87;116,52 
95299549;Механизм переключения передач АКПП (Спарк М300);General Motors;;1;878,79;5526,15;4921,31;460,01 
OM15C;Модуль автономный поисковый ОМC15 Starline;General Motors;;1;826,52;1847,75;1627,11;96,86 
BX400;Модуль для обхода иммобилайзера Шериф BX-400;General Motors;;1;90,28;;;
163053;Молдинг ветрового стекла лев;General Motors;;1;0,24;;;
93745477;Молдинг двери;General Motors;;1;1 109,84;2527;2238,26;101,67 
95181805;Молдинг двери (95946696);General Motors;;2;20,97;19,95;17,46;-16,75 
176135;Молдинг двери Астра Н;General Motors;;1;593,95;21584,95;19435,39;3172,21 
5172421;Молдинг двери защитный передний левый;General Motors;;1;423,87;;;
96548235;Молдинг двери здн правый Chevrolet Lacetti;General Motors;;1;213,16;581,4;509,1;138,83 
96615180;Молдинг задней двери Лачетти 2003-2004;General Motors;;1;158,58;1334,75;1175,36;641,18 
4811509;Молдинг задней двери, а/м Антара;General Motors;;1;260,74;;;
5172423;Молдинг защитный двери задней левой;General Motors;;1;315,06;;;
177854;Молдинг крышки багажника (хром), а/м Астра Н сед.;General Motors;;1;1 332,12;;;
1409001;Молдинг лев бамп задн никель, Астра J;General Motors;;1;167,02;1346,15;1185,4;609,75 
96622306;Молдинг лобового стекла, а/м Каптива;General Motors;21;1;363,86;1357,55;1195,44;228,54 
1704011;Молдинг пенели бампера;General Motors;;1;102,84;378,1;331,08;221,94 
172640;Молдинг передней двери;General Motors;;1;525,22;1178;1037,33;97,51 
1705168;Молдинг передней двери;General Motors;;1;1 272,97;409,45;358,53;-71,84 
2222070;Молдинг порога кузова;General Motors;;1;207,85;;;
96909424;Молдинг приборной панели (пассаж.), а/м Спарк М300;General Motors;;1;193,49;68,4;59,89;-69,05 
1400773;Молдинг решетки радиатора (хром.), а/м Астра Н;General Motors;;1;528,34;4784,2;4260,57;706,40 
95181807;Молдинг Спарк М300;General Motors;;3;32,46;16,15;14,14;-56,44 
1409007;Молдинг средн задн бамп никель, Астра J;General Motors;;1;338,80;;;
96490146;Молдинг стекла заднего лев. , а/м Лачетти хетч.;General Motors;;1;47,34;159,6;139,75;195,23 
96617944;Молдинг стекла заднего, а/м Лачетти хетч.;General Motors;;10;126,83;11,4;9,98;-92,13 
2160580;Молдинг стекла передней двери лев. хром, а/м Insignia;General Motors;;1;253,65;1912,35;1683,99;563,91 
212302300012000;Мост передний в сборе (24шлица);General Motors;;1;3 565,19;10674,2;9611,2;169,58 
212331601180000;Муфта выключения сцепления;General Motors;;1;101,95;600,4;525,74;415,67 
89002110;Набор для вклейки стекол 2K Turbo;General Motors;;10;442,39;;;
1404563;Накладка бампера заднего, Астра;General Motors;;1;484,48;4617;4111,67;748,68 
94563604;Накладка двери зад. прав. (аракал) Круз;General Motors;;1;294,26;;;
96548178;Накладка двери зд. прав. Chevrolet Lacetti;General Motors;;2;55,43;375,25;328,59;492,85 
94563602;Накладка двери пер. прав. (аракал) Спарк;General Motors;;1;181,04;893,95;782,79;332,39 
96688390;Накладка держателя щетки стеклоочистителя;General Motors;;10;10,60;55,1;48,24;355,16 
96329015;Накладка задней двери лев., а/м Епика;General Motors;;1;121,18;95;83,18;-31,36 
95232714;Накладка крышки багажника Круз;General Motors;;1;605,20;950;831,87;37,45 
1404867;Накладка левая заднего бампера;General Motors;;1;132,72;1354,7;1192,93;798,82 
95966279;Накладка на крышку багажника, а/м Епика;General Motors;;2;639,63;3170,15;2807,92;338,99 
96680869;Накладка на левую дверь, а/м Спарк М300;General Motors;;1;91,55;79,8;69,87;-23,68 
1607053;Накладка на нижнюю кромку крыши багажника Круз;General Motors;;1;269,33;;;
96455690;Накладка на порог кузова, а/м Лачетти;General Motors;;1;198,47;9766,95;8794,3;4331,04 
96455691;Накладка на порог кузова, а/м Лачетти;General Motors;;1;198,47;1003,2;878,45;342,61 
96455693;Накладка на порог кузова, а/м Лачетти;General Motors;;1;212,54;926,25;811,07;281,60 
96455692;Накладка на порог кузова, а/м Лачетти;General Motors;;1;212,54;671,65;588,13;176,71 
96680870;Накладка на правую дверь, а/м Спарк М300;General Motors;;1;91,55;57;49,91;-45,48 
148346;Накладка окна двери;General Motors;;1;198,55;;;
96326865;Накладка передней двери лев., а/м Епика;General Motors;;1;121,73;1410,75;1242,29;920,49 
96957197;Накладка передней консоли салона седан Лачетти черная ( Правая);General Motors;;1;317,59;529,15;463,35;45,90 
212308415121550;Накладка порога левая в сборе;General Motors;;1;149,20;;;
94563601;Накладка рамки пер. лев. двери вертикальная, а/м Круз;General Motors;;1;305,53;811,3;710,42;132,52 
1322035;Накладка решетки радиатора;General Motors;;1;425,19;;;
1322037;Накладка решетки радиатора;General Motors;;1;334,02;;;
1322036;Накладка решетки радиатора;General Motors;;1;488,22;3929,2;3480,24;612,84 
96888837;Накладки на боковые зеркала  а/м Круз;General Motors;;8;461,94;601,35;526,57;13,99 
95950260;Накладки на боковые зеркала хромированные, а/м Авео Т300;General Motors;;2;457,94;823,65;721,23;57,49 
96688257;Накладки на боковые зеркала хромированные, а/м Спарк М300;General Motors;;4;342,42;1800,25;1585,28;362,97 
96688259;Накладки на боковые зеркала, а/м Спарк М300;General Motors;;1;206,27;228;199,64;-3,21 
1711017;Накладки на пороги (2шт) Опель Astra J Мерива Зафира;General Motors;;4;263,96;1197;1054,06;299,33 
95240239;Накладки на пороги с подсветкой, а/м Круз;General Motors;;1;1 193,57;4783,25;4259,72;256,89 
93743923;Накладки на пороги, а/м Каптива;General Motors;;1;552,35;1501;1321,76;139,30 
96955251;Накладки на пороги, а/м Спарк М300;General Motors;;1;681,04;1215,05;1069,96;57,11 
96955251;Накладки на пороги, а/м Спарк М300;General Motors;;1;681,05;1215,05;1069,96;57,11 
93745474;Накладки хром. на задние форточк. кузова, а/м Круз;General Motors;;1;560,67;152,95;133,93;-76,11 
93745475;Накладки хром. фары задние, а/м Круз;General Motors;;1;749,18;853,1;747,02;-0,29 
CRUHBSTRB;Наклейка на кузов полоски черные а/м Круз;General Motors;;1;1 652,64;3449,45;3055,31;84,87 
1764012;Наклейка с технической информацией;General Motors;;1;292,06;398,05;348,55;19,34 
1764007;Наклейка с технической информацией;General Motors;;1;280,82;359,1;314,44;11,97 
94759135;Наконечник выхлопной трубы(Кобальт);General Motors;;1;873,28;939,55;822,72;-5,79 
95959506;Наконечник пр, Круз;General Motors;;1;20,43;91,2;79,85;290,81 
1609458;Наконечник рулевой тяги;General Motors;;2;371,08;4872,55;4339,25;1069,34 
1609457;Наконечник рулевой тяги;General Motors;;1;401,71;3541,6;3136,93;680,90 
1609456;Наконечник рулевой тяги;General Motors;;2;429,50;469,3;410,94;-4,32 
1609185;Наконечник рулевой тяги Astra GTC;General Motors;;3;550,36;2967,8;2628,69;377,63 
1603267;Наконечник рулевой тяги правый, а/м Астра Н;General Motors;;1;471,65;3273,7;2899,64;514,78 
0282582;Наконечник рулевой тяги правый, а/м Корса D;General Motors;;2;93,59;;;
1404643;Направляющая панели задн бампера;General Motors;;1;182,70;645,05;564,84;209,16 
140640;Направляющая рейки механизма стеклопод;General Motors;;6;28,43;;;
55565719;Направляющая указателя уровня масла;General Motors;;1;492,70;1987,4;1750,08;255,20 
1605352;Направляющие торомозного суппорта, а/м Корса D;General Motors;;2;180,40;;;
1406107;Направляющяя зад. бампера;General Motors;;1;88,82;;;
95980806;Насос ГУРа;General Motors;;1;2 011,47;7141,15;6394,29;217,89 
000017504617000;Насос омывателя;General Motors;;2;20,50;128,25;112,3;447,72 
1452013;Насос стеклоомывателя фар, Астра;General Motors;;1;432,58;;;
0580314082;Насос топливный Astra H (5815023);General Motors;;1;1 853,92;;;
5815023;Насос топливный Астра Н 2004-2014;General Motors;;1;3 389,20;;;
5815036;Насос топливный в сборе, а/м Вектра С;General Motors;;1;1 873,74;;;
13578733;Насос топливный Круз;General Motors;;1;6 664,93;31213,2;28104,8;321,68 
95966608;Насос топливный Лачетти;General Motors;;1;3 130,63;;;
1340584;Натяжитель приводного ремня ГРМ Инсигния/2(12605175)2;General Motors;;1;831,53;3646,1;3229,49;288,38 
5197474;Натяжитель ремня безопасности Астра Н ,Зафира;General Motors;;1;1 775,46;13163,2;11852,33;567,57 
5197473;Натяжитель ремня безопасности Астра Н, зафира;General Motors;;1;1 775,46;;;
636685;Натяжитель ремня приводного, а/м Астра J;General Motors;;3;354,51;1352,8;1191,26;236,03 
212141006060310;Натяжитель цепи в сборе;General Motors;;2;126,84;630,8;552,36;335,49 
94776000;Облицовка порога багажника, Кобальт;General Motors;;1;512,57;1034,55;905,91;76,74 
212306513011040;Обогреватель спинки седенья WET;General Motors;;1;88,69;653,6;572,32;545,31 
1010709;Обратный клапан шины колеса;General Motors;;3;14,84;75,05;65,71;342,81 
150010;Ограничитель ветрового стекла;General Motors;;5;12,64;24,7;21,62;70,99 
95021014;Ограничитель открывания двери;General Motors;;1;182,89;8442,65;7581,4;4045,23 
160011;Ограничитель открывания двери АстраJ;General Motors;;1;339,73;;;
5160259;Ограничитель открывания двери Корса D 2007-2013;General Motors;;1;219,90;2761,65;2446,1;1012,37 
1748358;Ограничительная сетка багажного отсека Антара,Астра Н, Корса D;General Motors;;5;329,38;688,75;603,1;83,10 
6400635;Окантовка противотуманной фары;General Motors;;1;98,88;;;
6400634;Окантовка противотуманной фары;General Motors;;2;101,25;657,4;575,65;468,57 
96437321;Окантовка противотуманной фары левой, а/м Епика;General Motors;;3;103,62;505,4;442,55;327,09 
1400867;Окантовка противотуманной фары, а/м Корса D;General Motors;;3;351,42;;;
1400873;Окантовка противотуманной фары, а/м Корса D;General Motors;;4;383,27;2801,55;2481,44;547,44 
95987164;Окантовка фары правая Спарк;General Motors;;1;0,24;294,5;257,88;108444,04 
345035;Опора амортизатора;General Motors;;1;221,60;;;
5684142;Опора двигателя, а/м Астра Н;General Motors;;1;411,84;3055,2;2706,11;557,07 
212302904192030;Опора шаровая с защитным чехлом в сборе;General Motors;;10;32,37;;;
352087;Опора шаровая, а/м Корса D;General Motors;;1;330,40;1246,4;1097,56;232,19 
96436136;Опорная планка Расширительного бачка CHEVROLET Епика;General Motors;;1;39,94;175,75;153,89;285,33 
000017504378000;Органайзер на спинку сидения;General Motors;;1;227,00;545,3;477,49;110,35 
21230341409600;Ось маятника 2123;General Motors;;1;146,11;;;
1456009;Отражатель задн левый, Астра;General Motors;;1;92,00;958,55;839,36;812,34 
212302904192040;Палец шаровой с защ, чех, в сборе;General Motors;50;18;54,24;266;232,92;329,43 
95936630;Панель ветрового стекла 95328699 СпаркМ300;General Motors;;1;55,86;1636,85;1441,39;2480,58 
2346267;Панель внутренняя   багажного отсека Астра J;General Motors;;1;154,88;;;
7219302;Панель грузового отделения;General Motors;;1;1 000,45;3420,95;3030,07;202,87 
2230448;Панель двери;General Motors;;1;7 553,23;;;
96650232;Панель задней левой стойки кузова, а/м Авео;General Motors;;1;110,66;537,7;470,84;325,49 
52040805;Панель кузова Chevrolet ?;General Motors;;1;702,22;4973,25;4428,93;530,71 
95479659;Панель кузова боковая Круз х/б;General Motors;;1;3 718,40;10676,1;9612,91;158,52 
184173;Панель кузова задняя, а/м Astra GTC;General Motors;;1;629,27;;;
96631515;Панель кузова передняя Епика 2007-2011;General Motors;;1;2 234,78;16606;14952,27;569,07 
95936633;Панель лобового стекла;General Motors;;1;92,35;1732,8;1525,88;1552,19 
1711024;Панель молдинга;General Motors;;2;454,49;;;
96467031;Панель передней консоли;General Motors;;1;6 700,26;40453,85;36425,22;443,64 
95919013;Панель передней центральной консоли;General Motors;;1;129,17;5532,8;4927,24;3714,67 
52040804;Панель пола внутренняя Кобальт;General Motors;;1;678,75;4973,25;4428,93;552,52 
96901472;Панель пола средн прав, Кобальт;General Motors;;1;0,24;20910,45;18828,06;7924801,62 
212305325010560;Панель приборов с заглушкой и молдингом в сборе;General Motors;;1;1 367,44;;;
94810051;Панель рамы кузова;General Motors;;1;651,92;3071,35;2720,41;317,29 
1822665;Панель управления отопителем Астра Н;General Motors;;1;2 220,18;7087;6345,8;185,82 
1226117;Патрон лампы поворотн., Инсигния;General Motors;;2;0,24;;;
1226857;Патрон лампы фары Астра J;General Motors;;1;37,15;434,15;380,16;923,43 
1222522;Патрон фонаря здн лев;General Motors;;1;219,11;;;
2123011408010000;Патрубак дроссельный;General Motors;;1;239,04;;;
4820405;Патрубок топливопровода;General Motors;;1;1 676,91;;;
96549146;Педаль сцепления, а/м Лачетти;General Motors;;1;390,13;13670,5;12309,11;3055,15 
212303709590000;Переключатель корректора света фар;General Motors;;1;39,02;176,7;154,72;296,51 
95291940;Переключатель передних фар /2;General Motors;;1;519,66;2160,3;1902,34;266,07 
21230370960800;Переключатель режимов отопления 2123;General Motors;;1;18,30;;;
210933709613010;Переключатель стеклоподъёмника;General Motors;;3;11,57;49,4;43,25;273,88 
96948583;Переключатель указателя поворота Спарк М300;General Motors;;2;231,49;475;415,93;79,68 
130143;Петля двери Корса D;General Motors;;1;146,42;;;
130140;Петля двери Корса D;General Motors;;1;143,78;;;
95040624;Петля замка двери Авео 2007-2008;General Motors;;1;25,00;43,7;38,26;53,02 
95971947;Петля крышки багажника лев., а/м Круз;General Motors;;1;0,24;1242,6;1094,22;460467,15 
212308212330000;Пистон крепления бокового молдинга;General Motors;3617;1302;0,18;1,9;1,66;807,41 
1400877;Планка опорная противотуманной фары;General Motors;;2;120,78;;;
1400876;Планка опорная противотуманной фары;General Motors;;1;129,39;1129,55;989,09;664,45 
4803740;Пластина ограничителя столконвения прижимистая;General Motors;;2;2,20;;;
1273391;Поводок стеклоочистителя;General Motors;;1;181,98;1561,8;1375,3;655,75 
5308055;Поворотный кулак левый CORSA D;General Motors;;1;2 363,22;8511,05;7642,82;223,41 
13275250;Подрулевой переключатель управления радио;General Motors;;1;1 274,56;1311,95;1155,29;-9,36 
4806308;Подшипник амортизатора;General Motors;;2;260,87;796,1;697,11;167,22 
210701701190010;Подшипник вторичного вала КП;General Motors;;5;37,67;248,9;217,95;478,53 
720556;Подшипник игольчатый КПП;General Motors;;1;75,28;;;
371115;Подшипник коробки передач/2;General Motors;;1;717,20;;;
371114;Подшипник роликовый/2;General Motors;;1;717,20;;;
212103103020100;Подшипник спупицы передних колёс;General Motors;;2;67,64;315,4;276,18;308,33 
94535214;Подшипник ступицы задней 60мм, а/м Авео;General Motors;;2;416,14;1415,5;1246,47;199,53 
212302403069100;Полуось заднего моста в сборе (c ABS);General Motors;;2;876,22;4038,45;3577,01;308,23 
212302403069000;Полуось заднего моста в сборе (без ABS);General Motors;;2;893,13;4197,1;3717,53;316,23 
96878605;Поперечина радиатора, АВЕО;General Motors;;1;220,78;1309,1;1152,78;422,13 
7109768456;Предохранитель 10А мини;General Motors;;8;2,95;;;
19116043;Предохранитель 15 А микро;General Motors;;19;5,33;11,4;9,98;87,11 
930628;Предохранитель 2 А мини;General Motors;;90;2,50;;;
138810;Предохранитель 20А евро;General Motors;;38;2,09;;;
6401150035;Предохранитель 20А мини;General Motors;;3;2,85;;;
1238381;Предохранитель 25 А пенёк;General Motors;;6;16,90;217,55;190,49;1027,22 
768480;Предохранитель 25А мини;General Motors;;36;2,38;;;
138804;Предохранитель 3 А евро;General Motors;;25;3,14;;;
781754;Предохранитель 3 А мини;General Motors;;44;2,38;;;
768499;Предохранитель 30А мини;General Motors;;26;2,38;;;
49181;Предохранитель 5 А;General Motors;;38;1,78;;;
138806;Предохранитель 5 А евро;General Motors;;48;2,09;;;
1238380;Предохранитель 60 А пенёк;General Motors;;2;17,63;77,9;68,21;286,93 
6238065;Предохранитель 80 А макси;General Motors;;10;16,31;14,25;12,47;-23,55 
13386316;Привод колеса в сборе;General Motors;;1;3 604,74;18698,85;16836,7;367,07 
13334701;Привод колеса в сборе, а/м Круз;General Motors;;3;2 725,06;7910,65;7103,67;160,68 
212132215011200;Привод левого переднего колеса;General Motors;;2;475,48;3781;3348,98;604,34 
6207146;Привод лючка топливной горловины Астра Н (13208157);General Motors;;1;496,61;;;
212132215010200;Привод правого переднего колеса;General Motors;;1;503,95;3585,3;3175,64;530,15 
212301703010100;Привод управления механизма КП;General Motors;;1;341,48;;;
1340024;Приводной ремень ГРМ, 190 см;General Motors;;1;254,46;2355,05;2085,96;719,76 
95984199;Прикуриватель, а/м Круз;General Motors;;1;96,99;219,45;192,16;98,12 
1743357;Прикуриватель,комплект  Opel;General Motors;;3;285,52;908,2;795,27;178,53 
849674;Прокладка впускного коллектора (компл.) Вектра С;General Motors;;1;1 853,07;;;
852738;Прокладка выхлопной системы;General Motors;;1;87,77;;;
212301008081100;Прокладка газопровода;General Motors;;1;80,12;375,25;328,59;310,14 
607831;Прокладка головки блока цилиндров;General Motors;;2;284,80;;;
5849914;Прокладка головки блока цилиндров;General Motors;;1;129,93;;;
636311;Прокладка клапанной крышки;General Motors;;2;495,83;1531,4;1348,53;171,97 
1035А583;Прокладка клапанной крышки 4В10, 4В11, 4В12;General Motors;;1;213,82;;;
12595107;Прокладка клапанной крышки Каптива 2007-2009;General Motors;;1;1 111,08;1995,95;1757,61;58,19 
5607593;Прокладка клапанной крышки, а/м АстраН(Z16XEP);General Motors;;1;221,61;;;
212303802830010;Прокладка корпуса привода спидометра;General Motors;;1;3,42;;;
212301307046000;Прокладка крышки корпуса водяного насоса;General Motors;;5;3,51;14,25;12,47;254,88 
835170;Прокладка маслянного фильтра;General Motors;;1;80,72;;;
860982;Прокладка турбокомпресора/2;General Motors;;6;23,50;;;
1606240;Прокладки блока цилиндров (компл.) Авео 2004-2008;General Motors;;1;668,43;;;
93185729;Прокладки впускного коллектора (компл.), а/м Круз;General Motors;;1;418,74;2773,05;2456,2;486,57 
96326535;Прокладки лобового стекла;General Motors;;7;11,23;6,65;5,82;-48,18 
212141007200340;Проставка;General Motors;;3;13,47;52,25;45,75;239,56 
1222451;Противотуманка здн лев Мокка;General Motors;;1;681,99;;;
1401106;Профиль решетки радиатора;General Motors;;1;558,74;;;
1322025;Профиль черн решетк нижн., Астра;General Motors;;1;684,92;;;
BUT4ACT;Пусковая кнопка (для пер. Active Park);General Motors;;3;79,90;283,1;247,89;210,26 
23183617;Пыльник амортизатора;General Motors;;1;368,61;1988,35;1750,92;375,01 
1609220;Пыльник привода;General Motors;;4;291,35;;;
1603231;Пыльник ШРУСА;General Motors;;1;253,60;1864,85;1642,17;547,55 
1603436;Пыльник шруса в сборе;General Motors;;4;239,32;1252,1;1102,58;360,71 
1603142;Пыльник ШРУСа внутренего (к-т.), а/м АстраН(Z14XEP,Z16XER);General Motors;;1;68,08;;;
1603301;Пыльник ШРУСа внутреннего (к-т.), а/м АстраН;General Motors;;2;258,33;4533,4;4037,22;1462,81 
93743420;Пыльник ШРУСа задн. внутренний Каптива 2007-2009;General Motors;;1;347,90;1004,15;879,29;152,74 
1603276;Пыльник ШРУСа наружного (к-т.), а/м АстраН(Z14XEP,Z16XER);General Motors;;1;212,08;1133,35;992,42;367,94 
PR8DJ3233серебро;Радар парковочный 8 датчиков;General Motors;;1;1 202,16;;;
13267650;Радиатор системы охлаждения;General Motors;;1;2 193,16;2960,2;2621,96;19,55 
1300299;Радиатр системы охлаждения двигателя;General Motors;;1;2 776,20;7674,1;6871,5;147,51 
128697113355784;Разъем модуля зажигания;General Motors;;1;877,86;;;
212141007180300;Рампа подвода масла в сборе;General Motors;;1;197,00;481,65;421,76;114,10 
96184231;Регулятор давления топлива;General Motors;;1;422,89;1348,05;1187,08;180,70 
212303710310000;Регулятор освещения приборов;General Motors;;1;57,53;141,55;123,94;115,43 
212302402010020;Редуктор заднего моста в сборе;General Motors;;1;1 614,24;5773,15;5155,51;219,38 
5900286;Реечный рулевой механизм АстраН/2;General Motors;;1;7 789,23;64807,1;58353,23;649,15 
95040656;Реечный рулевой механизм в сборе Авео Т300;General Motors;;1;4 876,49;19131,1;17225,91;253,24 
1845752;Резистор вентилятора отопителя 15Вт;General Motors;;1;367,23;2014;1773,51;382,94 
96650490;Резистор вентилятора салона 15 Вт;General Motors;;2;307,33;159,6;139,75;-54,53 
1808441;Резистор отопителя Астра Н;General Motors;;1;1 678,03;4938,1;4397,63;162,07 
1707038;Рейка багажного отсека;General Motors;;1;701,70;1026,95;899,25;28,15 
210803747010020;Реле 495,3747поворота;General Motors;;1;18,30;187,15;163,87;795,31 
211003747710000;Реле 528,3747 стеклоочистителя;General Motors;;1;20,45;67,45;59,06;188,86 
SCB1240;Реле SCB 1240;General Motors;;15;11,64;;;
13500112;Реле, а/м Круз;General Motors;;3;91,88;255,55;223,77;143,55 
5197280;Ремень безопасности /2;General Motors;;1;1 202,27;;;
212308217020600;Ремень безопасности передний правый;General Motors;;1;180,48;;;
93745592;Ремень ГРМ (к-т. ремень+3 ролика), а/м Каптива;General Motors;;1;1 956,07;5757,95;5141,94;162,87 
93744701;Ремень ГРМ (к-т. ремень+ролик), а/м Матиз/Спарк;General Motors;;1;430,83;1502,9;1323,44;207,19 
6606028;Ремень ГРМ с роликами 1.9 ДИЗЕЛЬ Астра Н;General Motors;;2;1 081,35;7542,05;6753,26;524,52 
636671;Ремень ГРМ с роликами, а/м Вектра С;General Motors;;1;2 079,00;;;
4803451;Ремень компрессора кондиционера, а/м Антара/Каптива;General Motors;;2;659,83;1481,05;1304,2;97,66 
4PK946;Ремень приводной;General Motors;;5;43,41;;;
4PK668;Ремень приводной;General Motors;;5;23,31;;;
1340017;Ремень приводной 130мм;General Motors;;2;216,21;;;
1934745596814098;"Ремень приводной Aveo T300 1,6; Cruze 1,6; Cruze 1,8; Orlando 1,6; Orlando1,8";General Motors;;1;60,58;;;
6PK1880;Ремень приводной генератора;General Motors;;2;127,24;;;
6PK1413;Ремень приводной генератора;General Motors;;1;106,66;;;
5636344;Ремень приводной генератора L=120, а/м Астра J;General Motors;;3;656,00;;;
1340272;Ремень приводной генератора L=180, а/м Астра GTC;General Motors;;3;225,76;1845,85;1625,44;619,97 
5PK1546;Ремень приводной генератора, а/м Астра Н;General Motors;;4;88,23;;;
5PK1355;Ремень приводной генератора, а/м Астра Н;General Motors;;2;89,73;320,15;280,34;212,42 
89019204;Ремкомплект гидроусилителя;General Motors;;1;638,33;2511,8;2224,8;248,53 
96457602;Решетка вентиляции салона, а/м Авео;General Motors;;1;21,21;50,35;44,08;107,84 
6400639;Решетка п/бампера нижняя, а/м Корса D;General Motors;;2;158,23;;;
96687076;Решетка радиатора верх., а/м Спарк М300;General Motors;;2;299,81;2236,3;1969,26;556,83 
96547248;Решетка радиатора, а/м Лачетти сед. (95015354);General Motors;;2;574,82;3803,8;3369,17;486,13 
636527;Ролик натяжителя приводного ремня, а/м Антара;General Motors;;1;2 957,95;11444,65;10304,92;248,38 
1854740;Ролик натяжителя приводного ремня, а/м Астра GTC;General Motors;;5;140,90;;;
6340532;Ролик натяжителя приводного ремня, а/м Астра Н/Зафира В;General Motors;;3;680,00;2179,3;1919,07;182,22 
1340266;Ролик натяжителя приводного ремня, а/м КорсаD(Z12XEP,Z14XEL);General Motors;;1;1 212,72;5691,45;5082,55;319,10 
5636743;Ролик натяжителя ремня ГРМ, а/м Астра J;General Motors;;3;226,40;;;
RT1508;Ролик обводной приводного ремня, а/м Вектра С (DTi);General Motors;;1;344,49;;;
93743754;Ручка багажника хромированная, а/м Авео сед.;General Motors;;2;291,67;5013,15;4464,46;1430,66 
2346635;Ручка багажной двери, Мокка;General Motors;;1;29,40;;;
96326829;Ручка внешняя пер. лев. двери, а/м Епика;General Motors;;1;162,23;589,95;516,59;218,43 
95212188;Ручка двери;General Motors;;1;119,83;487,35;426,75;256,12 
96863361;Ручка салона;General Motors;;1;69,55;308,75;270,35;288,69 
423060;Рычаг задней подвески;General Motors;;1;368,85;;;
20946158;рычаг передней подвески;General Motors;;1;2 898,49;11449,4;10309,2;255,68 
212303001031000;Рычаг поворотный левый;General Motors;;1;95,28;;;
212303001030000;Рычаг поворотный правый;General Motors;;1;90,67;;;
0167007;Рычаг регулятора высоты левого сидения;General Motors;;1;98,86;;;
96626425;Рычаг стабилизатора подвески;General Motors;32;2;570,19;1720,45;1515,01;165,70 
212305205065010;Рычаг стеклоочистителя ветрового окна;General Motors;;2;30,77;;;
MN100110;Сайлентблок MMC Airtek, Lancer (1995-2007) задн. попереч. рычага;General Motors;;4;82,68;;;
20946159;Сайлентблок задний переднего рычага, а/м CAPTIVA;General Motors;;1;831,53;1520;1338,49;60,97 
13230774;Сайлентблок рычага переднего задний, а/м Круз;General Motors;;6;1 919,98;1912,35;1683,99;-12,29 
212301802120200;Сальник внутреннего вала взборе;General Motors;;11;36,86;156,75;137,25;272,40 
212132301035000;Сальник внутреннего шарнира левый;General Motors;;9;3,31;10,45;9,15;176,28 
212132301034000;Сальник внутренниго шарнира правый;General Motors;;8;3,44;10,45;9,15;165,79 
642501;Сальник клапана;General Motors;;16;20,17;114;99,82;394,82 
210101005160020;Сальник коленчитого вала задний;General Motors;;9;20,20;54,15;47,41;134,74 
210101701043010;Сальник первичного вала КП;General Motors;;6;3,56;14,25;12,47;250,38 
212141701043000;Сальник первичного вала КП;General Motors;;6;8,22;26,6;23,29;183,24 
210102402052030;Сальник редуктора заднего моста;General Motors;;7;5,31;14,25;12,47;134,63 
212141005162000;Сальник С8002691 коленвала задний;General Motors;;7;104,96;289,75;253,72;141,74 
6223044;Светоотражатель правый Вектра С 2002-2008;General Motors;;1;90,64;1496,25;1317,58;1353,57 
1214528;Свеча зажигания  A16LET    Astra\ Insignia;General Motors;21;2;165,36;895,85;784,45;374,40 
96130723;Свеча зажигания (BKR6E), а/м Авео/Лачетти/Круз#/спарк м300;General Motors;5078;2;49,10;120,65;105,64;115,17 
4802249;Свеча зажигания ANTARA/CAPTIVA  (12622561);General Motors;;2;89,61;399,95;350,21;290,81 
1934737055576026;"Свеча зажигания Cruze 1,4T; Astra J 1.4T; Mokka 1.4T; Meriva B 1,4T; Zafira C 1,4T";General Motors;;2;89,15;;;
1934736812620540;Свеча зажигания Insignia 2,0T;General Motors;;8;72,93;;;
1214066;Свеча зажигания: A14NET,NEL,XER/Z12,14XEP/A12XEL,XER/B14NEL,NET (55576026);General Motors;74;5;177,97;659,3;577,32;224,40 
1214096;Свеча накала Мерива;General Motors;;3;256,50;636,5;557,35;117,29 
212141006240300;Скоба в сборе;General Motors;;8;2,50;6,65;5,82;132,42 
13345404;Скоба тормозного суппорта. а/м Круз;General Motors;;5;452,96;114;99,82;-77,96 
13345403;Скоба тормозного суппорта. а/м Круз з/л;General Motors;;5;452,96;89,3;78,19;-82,74 
1948336;Смазка механизма рул.привода;General Motors;;6;183,80;;;
1732821;Солнцезащитная шторка заднего стекла Corsa D;General Motors;;2;853,48;;;
1732822;Солнцезащитная шторка заднего стекла Корса D;General Motors;;2;767,88;1736,6;1529,23;99,15 
1705064;Спойлер задний Corsa D;General Motors;;1;2 204,04;3629;3214,34;45,84 
1719281;Спойлер задний OPEL Insignia (Sedan) ниж;General Motors;;1;1 905,79;4617;4111,67;115,75 
96806104;Спойлер задний, а/м Авео T-250 sed;General Motors;;1;1 167,27;5267,75;4691,2;301,90 
96545706;Спойлер задний, а/м Лачетти;General Motors;;2;610,11;6152,2;5494,01;800,49 
95972315;Спойлер, а/м Авео Т300 (хечбек,задний);General Motors;;1;711,20;163,4;143,08;-79,88 
212302906010000;Стабилизатор в сборе;General Motors;;1;126,42;;;
350181;Стабилизатор поперечной устойчивости, а/м Корса D;General Motors;;2;1 399,36;;;
0000193175885000;Стартер в сборе;General Motors;;1;986,42;;;
94552554;Стекло ветровое;General Motors;;1;3 589,48;14360,2;12930,12;260,22 
96984863;Стеклоподъемник двери (механический) (95999488), а/м Круз;General Motors;;1;489,72;7833,7;7034,57;1336,44 
95999487;Стеклоподъемник двери (механический), а/м Круз;General Motors;;1;303,28;7136,4;6390,04;2007,00 
95999490;Стеклоподъемник двери (электрический) а/м Круз;General Motors;;1;603,31;339,15;296,97;-50,78 
95999489;Стеклоподъемник двери (электрический), а/м Круз;General Motors;;2;603,31;1124,8;984,93;63,25 
140340;Стеклоподъемник двери Астра J;General Motors;;2;1 568,32;;;
95983553;СТЕРЖЕНЬ РЕЗЬБОВОЙ М6;General Motors;;1;10,53;4,75;4,15;-60,61 
4817515;Стойка стабилизатора подвески, а/м Антара прав;General Motors;;1;221,49;;;
1222578;Стоп-сигнал дополнительный;General Motors;;1;304,07;;;
1082T200R;Ступица задняя, а/м Авео;General Motors;;1;501,25;;;
326004;Ступица колеса;General Motors;;1;1 239,01;;;
326012;Ступица колеса;General Motors;;2;949,14;;;
328032;Ступица колеса;General Motors;;2;1 405,67;7944,85;7134,38;407,54 
1604017;Ступица колеса заднего в сборе Корса D;General Motors;;1;988,73;5457,75;4860,4;391,58 
1604316;Ступица колеса заднего в сборе, а/м Астра Н;General Motors;;2;3 025,57;3719,25;3294,28;8,88 
96471776;Ступица колеса заднего, а/м Авео;General Motors;;1;782,00;3249,95;2878,6;268,11 
13577406;Ступица колеса задняя КРУЗ 2;General Motors;;2;1 338,13;4978,95;4434,01;231,36 
1603253;Ступица колеса переднего, а/м Астра Н/Зафира В;General Motors;;4;2 421,49;5244;4670,05;92,86 
1934764913583478;"Ступица передняя (Cruze; Astra J)";General Motors;;1;574,71;;;
13269018;Стяжка задн. внутр верх прав., Круз;General Motors;;1;0,24;212,8;186,33;78327,99 
000017501413100;Сумка спортивная с символикой;General Motors;;5;198,75;748,6;655,51;229,82 
000017501413100;Сумка спортивная с символикой;General Motors;;1;198,75;748,6;655,51;229,82 
13301190;Суппорт тормозной правый;General Motors;;1;1 588,38;3332,6;2951,81;85,84 
TSMSR0;Телематическая система R-0;General Motors;;3;1 701,70;3032,4;2685,91;57,84 
212303408200010;Теплообменник ГУР в сборе;General Motors;;1;134,01;;;
212301306010050;Термостат;General Motors;;1;62,45;348,65;305,29;388,87 
4431105D;Термостат Z18xer Z16XER;General Motors;;2;1 170,06;;;
212301306010010;Термостат в сборе;General Motors;;1;81,99;;;
95938113;Токораспределительная коробка;General Motors;;2;3 153,84;4238,9;3754,56;19,05 
4805453;Толкатель клапана двигателя Круз 2.0;General Motors;;4;103,47;831,25;727,88;603,49 
194205893746642;"Тормозная жидкость ""DOT-4+"",  0,5L(1942421)";General Motors;;4;97,04;;;
542110;Тормозной супполрт/2;General Motors;;1;2 409,19;;;
0713;Тосол 10л;General Motors;;1;213,41;;;
000017504665200;Трос буксировочный с крюками, 5 т;General Motors;;1;120,99;296,4;259,54;114,51 
000017504665200;Трос буксировочный с крюками, 5 т;General Motors;;1;120,99;296,4;259,54;114,51 
000017504665100;Трос буксировочный с шаклами;General Motors;;1;109,21;;;
759146;Трос переключения передач АКПП;General Motors;;1;367,91;;;
522057;Трос ручного тормоза в сборе Инсигния;General Motors;;1;166,89;;;
522449;Трос стояночного тормоза  в пластиковой оболочке КорсаС;General Motors;;1;49,91;;;
522069;Трос стояночного тормоза в сборе Астра Н унив;General Motors;;1;556,49;;;
1178013;Тросик капота, астра;General Motors;;1;0,24;;;
212308120052210;Трубка 5/16, конденсатор- ресивер;General Motors;;1;90,60;462,65;405,12;347,14 
1850141;Трубка дренажная (сливная) кондиционера, а/м Астра J;General Motors;;1;44,21;255,55;223,77;406,19 
1850140;Трубка дренажная (сливная) кондиционера, а/м Астра J;General Motors;;1;30,74;25,65;22,46;-26,93 
96859682;Трубка компрессора кондиционера Авео 2004-2008;General Motors;;1;542,81;2197,35;1934,96;256,47 
212308120790410;Трубка конденс нагнетающая, Нива;General Motors;;1;116,26;559,55;489,97;321,46 
951066;Трубка маслоохладителя рулевого Круз;General Motors;;4;3 593,87;19675,45;17716,05;392,95 
212141006201300;Трубка првода масла в сборе;General Motors;;1;28,99;71,25;62,39;115,18 
1609130;Трубка рулевого управления Круз;General Motors;;1;298,23;;;
96941802;Трубка системы охлаждения;General Motors;;1;464,94;931,95;816,06;75,52 
13301834;Трубка системы рулевого управления;General Motors;;3;1 014,49;2264,8;2006,02;97,74 
13301831;Трубка системы рулевого управления  диаг.;General Motors;;2;2 045,27;6625,3;5916,5;189,28 
6450505;Трубка стеклоомывателя;General Motors;;1;563,27;2772,1;2455,35;335,91 
13337678;Трубки ГУРа (компл), а/м Круз;General Motors;;4;169,70;287,85;252,05;48,53 
96987849;Трубки системы рулевого управления;General Motors;;2;253,50;1950,35;1717,46;577,50 
212308120790310;Трубопровод конденсатор-компресор;General Motors;;1;121,69;870,2;761,99;526,18 
94732684;Тяга замка двери;General Motors;;1;10,83;63,65;55,73;414,64 
1609219;Тяга рулевая;General Motors;;3;259,64;1510,5;1330,13;412,29 
1609218;Тяга рулевая;General Motors;;3;259,64;1129,55;989,09;280,94 
1609217;Тяга рулевая;General Motors;;2;259,64;603,25;528,23;103,44 
212303414010200;Тяга средняя рулевой;General Motors;;1;184,13;299,25;262,04;42,32 
181725;Удлинительная панель кузова;General Motors;;1;382,22;;;
95969583;Узел двигателя опорный;General Motors;;2;582,40;556,7;487,47;-16,30 
96634352;Указатель поворота Епика 2007-2011;General Motors;;1;685,65;2632,45;2331,66;240,06 
93743581;Указатель поворота зеркала правого Каптива;General Motors;;1;568,68;;;
KAD07C0;Универсальный блок электрооборудования;General Motors;;3;644,76;;;
5164631;Уплотнение окна двери Зафира В;General Motors;;1;144,47;;;
1222396;Уплотнение тормозного фонаря;General Motors;;2;39,39;;;
835286;Уплотнение трубки промежуточного охлаждения;General Motors;;1;93,12;;;
1302533;Уплотнение трубопровода;General Motors;;1;108,39;;;
1338242;Уплотнение шланга охлажд.жидкости;General Motors;;1;26,94;;;
5157208;Уплотнения двери Астра Н;General Motors;;1;422,21;2385,45;2112,88;400,43 
96543056;Уплотнитель 3-уг стекла пер. лев.;General Motors;;9;9,52;4,75;4,15;-56,40 
13137846;Уплотнитель ветрового стекла;General Motors;;3;74,48;331,55;290,32;289,81 
96467019;Уплотнитель водосточной панели;General Motors;;2;22,40;1056,4;925,04;4029,80 
96931466;Уплотнитель двери прав., Круз;General Motors;;1;662,35;1843,95;1623,76;145,15 
161187;Уплотнитель лобового стекла OPEL;General Motors;;73;18,72;80,75;70,7;277,60 
212305403122010;Уплотнитель окна боковины правый;General Motors;;1;27,06;123,5;108,14;299,62 
95461572;Уплотнитель передней двери, а/м Орландо;General Motors;;1;265,37;;;
5164629;Уплотнитель порога лев.;General Motors;;1;303,87;;;
96486862;Уплотнитель стекла форточки Авео;General Motors;;10;9,52;1,9;1,66;-82,56 
1302276;Уплотнительное кольцо;General Motors;;1;77,10;;;
707922;Уплотнительное кольцо (93183611);General Motors;;1;359,98;;;
1239622;Уплотнительное кольцо датчика парковки;General Motors;;1;20,42;95,95;84,01;311,36 
652544;Уплотнительное кольцо масляного поддона;General Motors;;1;13,97;;;
463061;Уплотнительное кольцо шестерни дифференциала;General Motors;;8;34,34;128,25;112,3;227,00 
13266387;Упорная планка подрамника;General Motors;;1;122,83;760,95;666,33;442,48 
13250388;Упорное кольцо втулки подрамника подвески круз Орландо;General Motors;;1;35,73;197,6;173,02;384,25 
94580588;Упорное кольцо КПП;General Motors;;4;21,32;9,5;8,31;-61,02 
96845609;Усиление боковины кузова;General Motors;;1;0,24;625,1;547,37;230293,01 
1405257;Усилитель бампера;General Motors;;1;1 479,45;8904,35;8017,6;441,93 
1405069;Усилитель бампера заднего Астра J;General Motors;;1;1 146,92;15534,4;13987,39;1119,56 
95459802;Усилитель бамперапереднего нижний Круз 95323235;General Motors;;1;312,56;;;
212303510006110;Усилитель вакумный тормоза с цилиндром;General Motors;;1;738,58;3798,1;3364,12;355,48 
RLCVTCRZ04;Фара задняя Круз;General Motors;;1;3 444,92;;;
1216811;Фара передняя;General Motors;;1;2 133,51;19608;17655,32;727,52 
1216810;Фара передняя;General Motors;;1;2 375,00;15686,4;14124,25;494,70 
1216806;Фара передняя;General Motors;;1;1 686,92;9047,8;8146,76;382,94 
1216807;Фара передняя;General Motors;;1;1 686,92;9047,8;8146,76;382,94 
95479489;Фара передняя пр., а/м Круз;General Motors;;1;2 375,98;27807,45;25038,22;953,81 
20839664;Фара правая ксенон, Антара;General Motors;;1;4 715,68;24551,8;22106,78;368,79 
1710358;Фара противотуманная левая;General Motors;;2;642,38;2388,3;2115,41;229,31 
1710377;Фара противотуманная левая, а/м Корса D;General Motors;;1;519,86;2481,4;2197,87;322,78 
22181170;Фара противотуманная левая, а/м Ланос;General Motors;;1;78,13;;;
95989995;Фара противотуманная правая Круз;General Motors;;2;465,20;1437,35;1265,71;172,08 
1710376;Фара противотуманная правая, а/м Корса D;General Motors;;2;519,86;1645,4;1448,92;178,71 
96850515;Фара противотуманная правая, а/м Орландо;General Motors;;1;488,46;2583,05;2287,9;368,39 
6710027;Фара противотуманная, а/м Астра Н;General Motors;;1;1 067,67;1845,85;1625,44;52,24 
96844210;Фара противотуманная, а/м Спарк М300;General Motors;;1;336,15;1951,3;1718,29;411,17 
96844211;Фара противотуманная, а/м Спарк М300;General Motors;;1;336,15;1349;1187,91;253,39 
BGRLCVTCRZ;Фары задние Круз;General Motors;;1;3 444,92;;;
RLCVTCRZ07;Фары задние Круз;General Motors;;1;2 969,76;;;
X0610014;Фары противотуманные, а/м Авео;General Motors;;1;2 020,84;2577,35;2282,86;12,97 
X0610015;Фары противотуманные, а/м Авео (сед.);General Motors;;1;2 555,15;2410,15;2134,76;-16,45 
2228000;Фиксатор внутренней панели стойки кузова;General Motors;;2;11,44;60,8;53,23;365,41 
95493410;Фиксатор рейлинга крыши;General Motors;;1;73,47;103,55;90,67;23,40 
96873869;Фиксатор ручки салона;General Motors;;4;15,58;38;33,27;113,50 
13272717;Фильтр воздушный  Круз/Орландо/Астра J/Астра OPC(0835056) 0834622;General Motors;963;2;201,94;274,55;240,41;19,05 
1934747296950990;"Фильтр воздушный Aveo T300; Cobalt";General Motors;;4;42,64;;;
1934747013272717;"Фильтр воздушный Cruze 1,6; Cruze 1,8; Orlando 1,6; Orlando 1,8; Astra J 1,6; Zafira C";General Motors;;1;76,76;;;
1934747795021102;"Фильтр воздушный Mokka 1,4T; Mokka 1,8; Mokka 1,7D";General Motors;;4;108,00;;;
96815102;Фильтр воздушный Антара/Каптива 3.0 96628890  4807917;General Motors;25;2;401,51;1178,95;1038,17;158,57 
212301109010000;Фильтр воздушный в сборе;General Motors;;1;83,15;;;
22745824;Фильтр воздушный Каптива, Антара 2,2 4802876;General Motors;48;1;339,74;1031,7;903,41;165,91 
834762;Фильтр воздушный Мокка  (95021102);General Motors;;1;318,36;1117,2;978,28;207,29 
13272719;Фильтр воздушный, а/м Астра/Орландо DSL /GTC/Зафира Tourer A 20DTH  0834126;General Motors;86;1;285,10;695,4;608,93;113,59 
834125;Фильтр воздушный, а/м Инсигния (турбо/бензин, дизель) 13319421 / 0834895;General Motors;;2;261,34;973,75;852,67;226,27 
96263897;Фильтр воздушный, а/м Реззо;General Motors;25;4;101,71;241,3;211,29;107,74 
5650363;Фильтр масляный;General Motors;;13;179,37;670,7;587,3;227,43 
12605566;Фильтр масляный  двигателя Каптива 2.4/Инсигния2.0/Малибу(4804935);General Motors;314;1;226,10;349,6;306,12;35,39 
5650375;Фильтр масляный  мерива/зафира/мокка  дизель  1.7TD;General Motors;;2;154,43;806,55;706,26;357,34 
93185674;Фильтр масляный (картридж, 0650172, 5650359), а/м Круз/Астра/Корса/Авео Т300/Зафира С;General Motors;386;10;109,29;174,8;153,06;40,05 
1934746296879797;"Фильтр масляный Aveo T250; Cruze 1,6; Lacetti 1,6; Lacetti 1,8;";General Motors;;11;26,92;;;
1934746296879797;"Фильтр масляный Aveo T250; Cruze 1,6; Lacetti 1,6; Lacetti 1,8;";General Motors;;1;24,95;;;
93745801;Фильтр масляный Антара 2.2/Каптива2.2D/Круз 2.0/Орландо 2.0 (4818038);General Motors;91;2;361,99;1406,95;1238,94;242,26 
813569;Фильтр масляный, а/м Астра Н/Корса С/Зафира В(Z13DT);General Motors;;10;224,53;2913,65;2580,73;1049,41 
92142009;"Фильтр масляный, а/м Каптива/Антара (Z24SED); Astra H - X18XE (0650104)";General Motors;;4;128,47;432,25;378,5;194,62 
96985730;Фильтр масляный, а/м Кобальт/ Авео/Спарк М300;General Motors;571;2;79,73;284,05;248,73;211,95 
210801012005080;Фильтр масляный, а/м Нива;General Motors;;1;83,15;117,8;103,15;24,05 
13271190;Фильтр салона  13503675 Круз/ Орландо/АвеоТ300/астра J/кобальт/мерива А/мокка/Кобальт;General Motors;939;10;206,70;336,3;294,48;42,47 
6808607;Фильтр салона угольный, а/м Астра Н;General Motors;23;1;166,31;556,7;487,47;193,12 
1718042;Фильтр салона угольный, а/м Зафира В;General Motors;;1;289,85;1354,7;1192,93;311,57 
1808012;Фильтр салона угольный, а/м Корса C/D;General Motors;;1;289,85;3148,3;2788,57;862,08 
96962173;Фильтр салона, а/м Авео;General Motors;71;1;126,32;304,95;267,03;111,38 
MS6119;Фильтр салона, а/м Вектра С;General Motors;;1;33,26;;;
96327366;Фильтр салона, а/м Епика;General Motors;;3;322,50;422,75;370,18;14,78 
4819126;Фильтр салона, а/м Каптива, Антара 22753219 4803883  96440878;General Motors;;2;306,50;1263,5;1112,62;263,01 
93740495;Фильтр салона, а/м Реззо;General Motors;;3;51,16;285,95;250,39;389,46 
93740495;Фильтр салона, а/м Реззо;General Motors;;10;400,74;285,95;250,39;-37,52 
111801139200000;Фильтр сетчатый ЭБН в сборе;General Motors;;4;7,94;;;
5818085;Фильтр топливный Инсигния/Зафира Турер/Орландо (дизель) (13263262);General Motors;;4;240,17;1118,15;979,11;307,67 
813058;Фильтр топливный Мерива 2003-2010;General Motors;;3;649,91;;;
55354565;Фитинг воздухоочистителя;General Motors;;1;173,58;258,4;226,26;30,35 
0702284;Фитинг стеклоомывателя;General Motors;;1;16,16;;;
1719184;Фольга с основой Астра J 2010-2014 защита кузова;General Motors;;1;1 706,02;3443,75;3050,26;78,79 
BGTOPINS;Фонари заднии Opel insignia;General Motors;;1;3 207,35;;;
BGTOPINS;Фонари заднии Opel insignia;General Motors;;1;3 207,35;;;
96540274;Фонарь дополн. стоп-сигнала;General Motors;;1;373,36;87,4;76,53;-79,50 
95918867;"Фонарь дополнительного ""СТОП-СИГНАЛА""";General Motors;;1;1 087,92;4061,25;3597,2;230,65 
96830495;Фонарь зад. прав. внут., а/м Круз сед.;General Motors;;2;1 418,80;;;
1222497;Фонарь задний;General Motors;;1;394,34;;;
1222498;Фонарь задний;General Motors;;1;394,34;;;
1222487;Фонарь задний;General Motors;;1;394,34;;;
1222488;Фонарь задний;General Motors;;1;394,34;;;
1222330;Фонарь задний /2;General Motors;;1;397,96;;;
1222295;Фонарь задний внутр., а/м Астра GTC;General Motors;;1;1 200,71;;;
1222108;Фонарь задний лев. внутренний, Астра J;General Motors;;1;835,26;;;
95021466;Фонарь задний левый внутр., а/м Орландо;General Motors;;1;597,29;1025,05;897,59;50,28 
1222165;Фонарь задний прав. внутренний, Астра J;General Motors;;1;835,26;3185,35;2821,39;237,79 
1222653;Фонарь задний прав., Астра Н сед.;General Motors;;1;887,75;;;
96851764;Фонарь задний правый, а/м Епика;General Motors;;2;707,59;2750,25;2436;244,27 
95144212;Фонарь здн Круз левый (95393941);General Motors;;2;1 601,04;6728,85;6025,11;276,32 
111801132010020;Форсунка Siemens(Дека1D shot|VAZ 20734);General Motors;;4;139,11;;;
1451042;Форсунка стеклоомывателя Астра J;General Motors;;2;15,53;502,55;440,06;2734,36 
R134A;Фреон;General Motors;;0;87,08;;;
R134A;Хладагент (фреон);General Motors;;12;99,29;;;
11570620;Хомут шланга ГУРа;General Motors;;1;14,47;72,2;63,22;336,80 
94580498;Хомут шланга заднего отверстия;General Motors;;5;7,93;11,4;9,98;25,81 
212102215090000;Хомут шруса;General Motors;;3;0,77;8,55;7,48;874,74 
636470;Цепь привода ГРМ;General Motors;;1;771,53;;;
615072;Цепь привода ГРМ;General Motors;;1;252,95;;;
615066;Цепь привода ГРМ;General Motors;;1;252,95;;;
25185273;Цилиндр сцепления;General Motors;;1;318,60;2018,75;1777,69;457,98 
5679355;Цилиндр сцепления в сборе, для мех кпп F40;General Motors;;1;1 719,32;7182,95;6431,72;274,09 
212306105006300;Цилиндры выкл замков дверей с выкл.(к-т);General Motors;;1;577,02;1695,75;1493,26;158,79 
2705А013;Шайба металлическая;General Motors;;1;27,85;;;
210102904228000;Шайба регулировочная 3,0 мм;General Motors;;20;2,54;12,35;10,81;326,03 
212102904040000;Шарнир нижнего рычага;General Motors;;4;21,98;55,1;48,24;119,46 
212142904040000;Шарнир нижнего рычага передней подвески;General Motors;33;12;15,41;120,65;105,64;585,34 
25182799;Шестерня КПП, а/м Епика;General Motors;;1;877,71;204,25;178,85;-79,62 
25182794;Шестерня синхронизатора КПП, а/м Епика;General Motors;;1;198,70;569,05;498,29;150,78 
636166;Шкив натяжителя ремня ГРМ;General Motors;;2;961,12;;;
120417713258483;Шкиф генератора 2;General Motors;;1;1 751,63;;;
96435138;Шкиф компресора кондинционера;General Motors;;1;468,09;1870,55;1647,19;251,89 
860595;Шланг впускной;General Motors;;1;1 762,57;;;
212303408018000;Шланг высокого давления в сборе;General Motors;;2;177,40;1304,35;1148,59;547,47 
212303506060050;Шланг гибкий переднего тормоза в сборе;General Motors;;4;41,79;196,65;172,19;312,01 
212301104218010;Шланг перед. топл. трубки и топлив трубопр;General Motors;;1;67,61;;;
1336370;Шланг системы охлаждения;General Motors;;2;59,94;372,4;326,09;444,01 
95018088;Шланг системы охлаждения;General Motors;;2;371,42;1159,95;1021,44;175,01 
96863736;Шланг тормозной системы;General Motors;;1;160,94;2140,35;1884,77;1071,07 
000010002059200;шпонка;General Motors;;10;3,02;;;
1603274;Шрус в сборе (со смаской) 2;General Motors;;1;2 564,40;9863,85;8881,55;246,34 
96391550;Шрус в сборе, а/м Авео;General Motors;;1;1 634,12;3203,4;2837,37;73,63 
CHR2218;Штатное головное устройства;General Motors;;1;5 785,10;;;
CHR1209;Штатное головное устройство (Астра J);General Motors;;1;5 582,68;8567,1;7693,15;37,80 
25192484;Шток передачи заднего хода;General Motors;;1;262,04;150,1;131,43;-49,84 
6272550;Щетка  стеклоочистителя- опель Антара;General Motors;;5;45,62;116,85;102,32;124,30 
127203195508195;Щетка стеклоочистителя к-т, а/м Астра J;General Motors;;1;520,15;;;
6272562;Щетка стеклоочистителя, а/м Корса D 1272340;General Motors;;1;61,47;475,95;416,76;578,02 
6272545;Щетки  стеклоочистителя  Вектра С 2 шт.;General Motors;;3;368,76;1024,1;896,76;143,18 
5852695;Щиток защитный глушителя Корса D;General Motors;;1;67,91;;;
212141008042000;Экран защитный выпускного коллектора;General Motors;;3;93,37;;;
42438092;Экран защитный двигателя;General Motors;;1;3 870,76;3334,5;2953,49;-23,70 
212361139009150;Эл. бензонасос с д-ком ук-ля уровня топлива 2;General Motors;;1;610,77;1565,6;1378,65;125,72 
212301300025100;Электровентиляторы с кожухом в сборе;General Motors;;1;852,51;3422,85;3031,75;255,63 
6207118;Электродвигатель зеркала заднего обзора;General Motors;;1;467,10;2113,75;1861,35;298,49 
1207217;Электродвигатель механизма регулировки/2;General Motors;;2;578,15;;;
94550813;Электродвигатель стеклопдъёмника;General Motors;;1;2 403,66;4953,3;4411,16;83,52 
4814307;Электродвигатель стеклоподъемного механизма;General Motors;;1;868,79;3050,45;2701,9;211,00 
1247151;Электронный модуль системы впрыска;General Motors;;1;5 707,32;;;
5177139;Эмблема;General Motors;;1;321,68;;;
5164605;"Эмблема ""Zafira""";General Motors;;1;140,86;879,7;770,31;446,86 
96886676;"Эмблема ""Шевроле"" задн., а/м Орландо";General Motors;;1;166,00;258,4;226,26;36,30 
96635476;"Эмблема ""Шевроле"", а/м Епика";General Motors;;1;98,41;646,95;566,5;475,68 
95122573;Эмблема Шевролет Спарк;General Motors;;1;119,23;2443,4;2164,21;1715,08 
