Артикул;Наименование;Бренд;Кол-во
KM004;Сцепление в сборе COLT IV;Aisin;1
50391;ОПОРА ДВИГАТЕЛЯ;BIRTH;1
928400644;Редукционый клапан DAF KAMAZ 06-;BOSCH;1
CAH031;РЫЧАГ HYUNDAI SONATA 94-98 ПЕР.ПОДВ.НИЖН.ПРАВ.;CAR-DEX;1
CAH058;Рычаг подвески левый;CAR-DEX;1
112144;Генератор;CARGO;1
XST1324;Стартер 1.2 kW CW;DEXEL;1
P552050;ФИЛЬТР МАСЛЯННЫЙ;Donaldson;1
924719;Замок зажигания;DORMAN;1
FL511E;ТЯГА ЦЕНТР OPL OMEGA A 2,3D/TD 2,4;FLENNOR;1
ZA360731;Подшипник выжимной гидравлический MERCEDES-BENZ: C-CLASS (W203) C 180 (203.035)/C 200 CDI/C 200 CDI (203.004)/C 200 CDI (203.007)/C 200 Kompressor (20;FTE;1
1017000176; Панель приборов;GEELY;1
NI055;Шрус наружний 23/55/25/68,0;H.D.K.;1
6pu009110601;ДАТЧИК К/ВАЛА AUDI 80/A4/A6/PASSAT (страна пр-ва Германия);HELLA;1
P898;НАСОС ВОДЯНОЙ CIT C5/C8, PGT 206/307/406/407/806/807 1.8-2.2I 99>;HEPU;1
351202A400;Клапан холостого хода;HYUNDAI-KIA;1
582407J500;Колодка томозная 1 шт. ;HYUNDAI-KIA;1
5270143320;Подшипник задней полуоси;HYUNDAI-KIA;1
5779034A10;Ремкомплект рулевой рейки;HYUNDAI-KIA;1
545003L000;РЫЧАГ ПОДВЕСКИ;HYUNDAI-KIA;1
36026;Подшип подвес кардан вала Mercedes;Impergom;1
339707;Стойка газомасляная KYB (FR);KAYABA;1
99563600;99 563 600_поршень! d76.5x1.2x1.5x2.5 STD\ Seat Toledo, VW Golf/Bora 1.6i 16V 99-02;KOLBENSCHMIDT ;1
42664;Расходомер воздуха;MAPCO;1
MC7054;Корзина сцепления Audi Seat Skoda VW;Mecarm;1
ME121789;ФИЛЬТР МАСЛЯНЫЙ;MITSUBISHI;3
v4503;АМОРТИЗАТОР MERCEDES SPRINTER/VW LT 96-06 ПЕР.ГАЗ.;MONROE;1
S1150;Амортизатор задний газовый FORD Escort 95- 1.3;MONROE;2
J2826017;ШАРНИРНЫЙ КОМПЛЕКТ наружний;NIPPARTS;1
18919AM810;БЛОК УПРАВЛЕНИЯ КЛАПАНОМ ДРОСС ЗАСЛОНКИ ;NISSAN;1
1010143G85;Прокладки ДВС (к-т полный) Nissan Urvan/Terrano 2.3D-2.7D/TD TD2;NISSAN;1
GT35326;Ролик ремня ГРМ OPEL ASTRA G/CORSA C/MERIVA 1 7D;NTN;1
PCV5036;Шрус внутренний передний правый FORD Focus универсал I (DNW)Focus хэтчбек I (DAW, DBW);PATRON;1
75419S;Шрус A4/6/8/VW Passat 96- 1.6-2.3 ABS-45 00-;RUVILLE;1
4151005101;Муфта включения переднего моста;SSANG YONG;1
6654601680;НАСОС ГУР D2.0 2.7;SSANG YONG;1
8591009121;Подрулевая спираль;SSANG YONG;1
8591108400;ПОДРУЛЕВАЯ СПИРАЛЬ / COIL ASSY-STEERING;SSANG YONG;1
VN5809;Шрус внутренний левый, комплект;TORQUE;1
443600K021;БАЧОК;Toyota;1
4722052170;БАЧОК ТОРМОЗНОЙ СИСТЕМЫ;Toyota;1
33954100;Кольца поршневые, к-т на 4 поршн. размер 1.00;TP;1
GS8184;Колодки торм.барабан.;TRW/LUCAS;1
GDB1781;"Колодки тормозные OPEL INSIGNIA 08-/SAAB 9-5 10- R18"" передние";TRW/LUCAS;1
GS8695;Колодки тормозные задние MMC PAJERO* TOKICO;TRW/LUCAS;1
027105273D;FLYWHEEL;VAG;1
0.143113011;Synchronkorper;VAG;1
032905106B;Катушка зажигания VAG 96-;VAG;1
1J0407365H;"ОПОРА ШАРОВАЯ ЛЕВАЯ VW GOLF IV 97-05, BORA 98-05;";VAG;2
5J0955978;ЦИЛИНДР ФАРООМЫВАТЕЛЯ;VAG;1
1J0407365D;ШАPОВАЯ ОПОPА;VAG;1
1J0407366J;ШАPОВАЯ ОПОPА;VAG;2
804862;CMT-138 Главный цилиндр сцепления;VALEO;1
0/22925701;Комплект прокладок Mercedes;VICTOR REINZ;1
1138800BO;Генератор;WAI;1
