TB218;Ae;0;60
TB218;Ae;0;60
520520;Amiwa;0;60
MB190219CBR00;Api;0;60
KI091091L;Api;0;60
1987949511;Bocsh;0;60
0250202029;Bocsh;0;60
VWTRN97021L;BodyParts;0;60
L135;Champion;0;60
CT763;Contitech;0;60
94198;Dayco;0;60
94956;Dayco;0;60
94169;Dayco;0;60
DAC4272003835;Febest;0;60
DAC40800040;Febest;0;60
16715;Febi;0;60
FA5572eco;Fiamm;0;60
AK3702;Filtron;0;60
1424616;Ford;0;60
1367486;Ford;0;60
1335634;Ford;0;60
1335633;Ford;0;60
3666957;Ford;0;60
CA5948;Fram;0;60
CA7775;Fram;0;60
CA5560;Fram;0;60
96176298;General Motors;0;60
93178952;General Motors;0;60
GT90240;GMB;0;60
FG203;Goodwill;0;60
3787100K00D1;Great wall;0;60
JLM10494810;Great wall;0;60
107694756;Hans Pries;0;60
71104SNB000;Honda;0;60
06510SWW305;Honda;0;60
HS0004;Hsb;0;60
0K2NC12111;HyundaiKia;0;60
0K2NC12121;HyundaiKia;0;60
934900U010;HyundaiKia;0;60
51720FD000;HyundaiKia;0;60
0K01A33047;HyundaiKia;0;60
5461225000;HyundaiKia;0;60
0K97312700A;HyundaiKia;0;60
0K05412700A;HyundaiKia;0;60
E72006;Japan Cars;0;60
H13001JC;Japan Cars;0;60
E35032;Japan Cars;0;60
I14006JC;Japan Cars;0;60
I14007JC;Japan Cars;0;60
JT206K;JS Asakashi;0;60
JT262K;JS Asakashi;0;60
2759801;Lemforder;0;60
2759802;Lemforder;0;60
3035701;Lemforder;0;60
C39002;Mann;0;60
MFFH516;Masuma;0;60
A0001300632;Mersedes;0;60
5160105554;Meyle;0;60
1160208503;Meyle;0;60
6160205570;Meyle;0;60
4252A060;Mitsubishi;0;60
MN150937;Mitsubishi;0;60
MN150938;Mitsubishi;0;60
J1124015;Nipparts;0;60
J1319006;Nipparts;0;60
J1335061;Nipparts;0;60
J1332008;Nipparts;0;60
J1331006;Nipparts;0;60
40343VK000;Nissan;0;60
11065AD20A;Nissan;0;60
287813JA0A;Nissan;0;60
765211;NK;0;60
35BD5220AT1XDDUM3C01;Nsk;0;60
GT35326;NTN;0;60
GT35720;NTN;0;60
0648941;Opel;0;60
401137;Optimal;0;60
201228;Optimal;0;60
100098;Optimal;0;60
980614;Optimal;0;60
RU1500931MR;Ruei;0;60
MB13006L;Sailing;0;60
MB13006R;Sailing;0;60
STVWP6000C2;Sat;0;60
41660;Sidem;0;60
VKM16550;SKF;0;60
S3280R;Sofima;0;60
81927229;Swag;0;60
4260B60260;Toyota;0;60
8934833060Ñ0;Toyota;0;60
JRA431;TRW;0;60
31200421;Tyc;0;60
GD9472AL;TYG;0;60
AD99007GAL;TYG;0;60
4F0910279L;VAG;0;60
02T311269F;VAG;0;60
032109119J;VAG;0;60
045109243C;VAG;0;60
3C0945291;VAG;0;60
02T311158R;VAG;0;60
