;;;;;;;
13.0460-2815.2;ATE;0;;;;;
 13.0460-2923.2;ATE;0;;;;;
 13.0460-2975.2;ATE;0;;;;;
 13.0460-3805.2;ATE;0;;;;;
 13.0460-4047.2;ATE;0;;;;;
 13.0460-4201.2;ATE;0;;;;;
 13.0460-5963.2;ATE;0;;;;;
 13.0460-6910.2;ATE;0;;;;;
 13.0460-6911.2;ATE;0;;;;;
 13.0460-7041.2;ATE;0;;;;;
13.0460-7046.2;ATE;0;;;;;
 13.0460-7072.2;ATE;0;;;;;
 13.0460-7079.2;ATE;0;;;;;
13.0460-3959.2;ATE;0;;;;;
 13.0460-7101.2;ATE;0;;;;;
 13.0460-7050.2;ATE;0;;;;;
24.0120-0142.1;ATE;0;;;;;
F4-BE3-A054-H0;BILSTEIN;0;;;;;
F4-BE3-A055-H0;BILSTEIN;0;;;;;
F4-BE3-A056-H0;BILSTEIN;0;;;;;
F4-BE3-A057-H0;BILSTEIN;0;;;;;
F4-BE3-A058-H0;BILSTEIN;0;;;;;
F4-BNE-2920-BE;BILSTEIN;0;;;;;
F4-BNE-2944-BG;BILSTEIN;0;;;;;
539;BOSCH;0;;;;;
814S;BOSCH;0;;;;;
934S;BOSCH;0;;;;;
946S;BOSCH;0;;;;;
955S;BOSCH;0;;;;;
Ñïîéëåð  SP02;CHAMPION;0;;;;;
 2õT41B02;CHAMPION;0;;;;;
 A47R;CHAMPION;0;;;;;
 A48;CHAMPION;0;;;;;
 K60À;CHAMPION;0;;;;;
 KF53;CHAMPION;0;;;;;
 KF65;CHAMPION;0;;;;;
 KF70;CHAMPION;0;;;;;
 R32;CHAMPION;0;;;;;
 R33;CHAMPION;0;;;;;
 R38;CHAMPION;0;;;;;
 R40;CHAMPION;0;;;;;
 R41;CHAMPION;0;;;;;
 R50;CHAMPION;0;;;;;
 SF48A;CHAMPION;0;;;;;
 SF53A;CHAMPION;0;;;;;
 SF53B;CHAMPION;0;;;;;
 SF65A;CHAMPION;0;;;;;
 SK55;CHAMPION;0;;;;;
 SK55M;CHAMPION;0;;;;;
 SX53;CHAMPION;0;;;;;
 SX55;CHAMPION;0;;;;;
 SX60 Spoiler;CHAMPION;0;;;;;
 SX65;CHAMPION;0;;;;;
 T100S04;CHAMPION;0;;;;;
 WX51;CHAMPION;0;;;;;
 X26;CHAMPION;0;;;;;
 X29;CHAMPION;0;;;;;
 X38E;CHAMPION;0;;;;;
 X43;CHAMPION;0;;;;;
 X45;CHAMPION;0;;;;;
 X53E;CHAMPION;0;;;;;
 X53W;CHAMPION;0;;;;;
 X55W;CHAMPION;0;;;;;
 X60W;CHAMPION;0;;;;;
 X65;CHAMPION;0;;;;;
U506;CHAMPION;0;;;;;
U541;CHAMPION;0;;;;;
U566;CHAMPION;0;;;;;
 J316;CHAMPION;0;;;;;
 J315;CHAMPION;0;;;;;
 Y313;CHAMPION;0;;;;;
 Y314;CHAMPION;0;;;;;
Y307;CHAMPION;0;;;;;
 Y310;CHAMPION;0;;;;;
 U597;CHAMPION;0;;;;;
 J313;CHAMPION;0;;;;;
 V310;CHAMPION;0;;;;;
 V306;CHAMPION;0;;;;;
 V309;CHAMPION;0;;;;;
 V305;CHAMPION;0;;;;;
 C157;CHAMPION;0;;;;;
 X316;CHAMPION;0;;;;;
 X317;CHAMPION;0;;;;;
 C302;CHAMPION;0;;;;;
 F108;CHAMPION;0;;;;;
 H301;CHAMPION;0;;;;;
 C151;CHAMPION;0;;;;;
 X314;CHAMPION;0;;;;;
 X318;CHAMPION;0;;;;;
 C301;CHAMPION;0;;;;;
 C131;CHAMPION;0;;;;;
 F114;CHAMPION;0;;;;;
 F121;CHAMPION;0;;;;;
 Ñ125;CHAMPION;0;;;;;
 C303;CHAMPION;0;;;;;
 X308;CHAMPION;0;;;;;
 X319;CHAMPION;0;;;;;
 L138;CHAMPION;0;;;;;
 L202;CHAMPION;0;;;;;
 L228;CHAMPION;0;;;;;
 L104;CHAMPION;0;;;;;
 L102;CHAMPION;0;;;;;
 L221;CHAMPION;0;;;;;
CH60;CHAMPION;0;;;;;
CH68 ;CHAMPION;0;;;;;
CH77;CHAMPION;0;;;;;
CH87;CHAMPION;0;;;;;
CH95;CHAMPION;0;;;;;
CH96  ;CHAMPION;0;;;;;
CH99 ;CHAMPION;0;;;;;
CH155;CHAMPION;0;;;;;
CH157;CHAMPION;0;;;;;
CH177;CHAMPION;0;;;;;
CH186;CHAMPION;0;;;;;
N4C ;CHAMPION;0;;;;;
816 P7    ;CHAMPION;0;;;;;
RA2HC ;CHAMPION;0;;;;;
C7YCC;CHAMPION;0;;;;;
RN10VTYC4   ;CHAMPION;0;;;;;
C6VPYC;CHAMPION;0;;;;;
N9BYC4;CHAMPION;0;;;;;
N7BMC;CHAMPION;0;;;;;
QL78Ñ;CHAMPION;0;;;;;
RC8BYC;CHAMPION;0;;;;;
21651912;CORTECO;0;;;;;
80000746;CORTECO;0;;;;;
TD213W;DELPHI;0;;;;;
40-1263;DELPHI;0;;;;;
3007;DENSO;0;;;;;
3018;DENSO;0;;;;;
3021;DENSO;0;;;;;
3032;DENSO;0;;;;;
3043;DENSO;0;;;;;
3088;DENSO;0;;;;;
3120;DENSO;0;;;;;
3127;DENSO;0;;;;;
3130;DENSO;0;;;;;
3131;DENSO;0;;;;;
3141;DENSO;0;;;;;
3142;DENSO;0;;;;;
3163;DENSO;0;;;;;
3174;DENSO;0;;;;;
3191;DENSO;0;;;;;
3253;DENSO;0;;;;;
3273;DENSO;0;;;;;
3275;DENSO;0;;;;;
3298;DENSO;0;;;;;
3317;DENSO;0;;;;;
3381;DENSO;0;;;;;
4024;DENSO;0;;;;;
4037;DENSO;0;;;;;
4096;DENSO;0;;;;;
4101;DENSO;0;;;;;
4111;DENSO;0;;;;;
4116;DENSO;0;;;;;
4127;DENSO;0;;;;;
4131;DENSO;0;;;;;
4155;DENSO;0;;;;;
4158;DENSO;0;;;;;
5013;DENSO;0;;;;;
5016;DENSO;0;;;;;
5018;DENSO;0;;;;;
5031;DENSO;0;;;;;
5060;DENSO;0;;;;;
5061;DENSO;0;;;;;
5063;DENSO;0;;;;;
5064;DENSO;0;;;;;
5065;DENSO;0;;;;;
5067;DENSO;0;;;;;
5068;DENSO;0;;;;;
6050;DENSO;0;;;;;
DG-004;DENSO;0;;;;;
 816.567;Elring;0;;;;;
 816.303.;Elring;0;;;;;
 804.870;Elring;0;;;;;
 302.250;Elring;0;;;;;
 819.817;Elring;0;;;;;
 803.320;Elring;0;;;;;
 819.840;Elring;0;;;;;
 819.850;Elring;0;;;;;
 027.570;Elring;0;;;;;
 510.831;Elring;0;;;;;
 197.378;Elring;0;;;;;
 763.969;Elring;0;;;;;
 310.751;Elring;0;;;;;
 763.969;Elring;0;;;;;
 758.728;Elring;0;;;;;
 215.660;Elring;0;;;;;
 763.225;Elring;0;;;;;
 811.645;Elring;0;;;;;
 463.915;Elring;0;;;;;
 834.262;Elring;0;;;;;
 636.530;Elring;0;;;;;
 632.700;Elring;0;;;;;
 768.103;Elring;0;;;;;
 049.930;Elring;0;;;;;
 523.080;Elring;0;;;;;
349.135;Elring;0;;;;;
 646.440;Elring;0;;;;;
 764.248;Elring;0;;;;;
 828.564;Elring;0;;;;;
 834.793;Elring;0;;;;;
 495.620;Elring;0;;;;;
 767.906;Elring;0;;;;;
 750.476;Elring;0;;;;;
 757.497;Elring;0;;;;;
 757.497;Elring;0;;;;;
 342.093;Elring;0;;;;;
 562.653;Elring;0;;;;;
 546.941;Elring;0;;;;;
 546.968;Elring;0;;;;;
 325.155;Elring;0;;;;;
Ñàëüíèê 40*52*62*8,5;Elring;0;;;;;
 914.924;Elring;0;;;;;
 919.994;Elring;0;;;;;
 694.770;Elring;0;;;;;
 914.932;Elring;0;;;;;
 586.693;Elring;0;;;;;
 553.190;Elring;0;;;;;
 327.298;Elring;0;;;;;
 49.ES.0060;FEDERAL MOGUL;0;;;;;
 49.ES.0386;FEDERAL MOGUL;0;;;;;
13.ES.0261;FEDERAL MOGUL;0;;;;;
 49.ES.0388;FEDERAL MOGUL;0;;;;;
 29-ES-5556;FEDERAL MOGUL;0;;;;;
 LA-BJ-0392;FEDERAL MOGUL;0;;;;;
 29-ES-5555;FEDERAL MOGUL;0;;;;;
 OP-ES-5579;FEDERAL MOGUL;0;;;;;
 OP-ES-5557;FEDERAL MOGUL;0;;;;;
 OP-ES-5555;FEDERAL MOGUL;0;;;;;
OP-ES-5588;FEDERAL MOGUL;0;;;;;
 FL6994;FIAAM;0;;;;;
 FL9006;FIAAM;0;;;;;
 FLI6693;FIAAM;0;;;;;
 ÐÀ7032;FIAAM;0;;;;;
 ÐÀ7134;FIAAM;0;;;;;
 ÐÀ7217;FIAAM;0;;;;;
 ÐÀ7229;FIAAM;0;;;;;
 ÐÀ7242;FIAAM;0;;;;;
 ÐÀ7246;FIAAM;0;;;;;
 ÐÀ7258;FIAAM;0;;;;;
 ÐÀ7264;FIAAM;0;;;;;
 ÐÀ7285;FIAAM;0;;;;;
 ÐÀ7294;FIAAM;0;;;;;
 ÐÀ7245;FIAAM;0;;;;;
 ÐÀ7373;FIAAM;0;;;;;
 ÐÀ7380;FIAAM;0;;;;;
 ÐÀ7164;FIAAM;0;;;;;
 ÐÀ7172;FIAAM;0;;;;;
 ÐÀ7178;FIAAM;0;;;;;
ÐÀ7302;FIAAM;0;;;;;
 ÐÀ7358;FIAAM;0;;;;;
 ÐÀ7245;FIAAM;0;;;;;
 FL 6796;FIAAM;0;;;;;
 ÐÀ7241;FIAAM;0;;;;;
 ÐÀ 7130;FIAAM;0;;;;;
 FÀ5440ÅÑÎ;FIAAM;0;;;;;
 FÀ5584ÅÑÎ;FIAAM;0;;;;;
 FÀ5617ÅÑÎ;FIAAM;0;;;;;
 FT4985;FIAAM;0;;;;;
 FÀ4524;FIAAM;0;;;;;
 FT4883;FIAAM;0;;;;;
 FT5283;FIAAM;0;;;;;
 FT5130;FIAAM;0;;;;;
 FT5449;FIAAM;0;;;;;
 FT 5227PH4952;FIAAM;0;;;;;
 FA5565;FIAAM;0;;;;;
 FÒ5324;FIAAM;0;;;;;
 FÒ5525;FIAAM;0;;;;;
 FÒ5172;FIAAM;0;;;;;
 FÒ4840;FIAAM;0;;;;;
 FÐ5359;FIAAM;0;;;;;
 FÒ5586;FIAAM;0;;;;;
FÒ4874;FIAAM;0;;;;;
 FÒ5203;FIAAM;0;;;;;
 PC8033;FIAAM;0;;;;;
ÀÐ051;FILTRON;0;;;;;
120621;FINWHALE;0;;;;;
120822;FINWHALE;0;;;;;
 ÑA3373;FRAM;0;;;;;
 ÑA3901;FRAM;0;;;;;
 ÑA4385;FRAM;0;;;;;
 ÑA4521;FRAM;0;;;;;
 ÑA5205;FRAM;0;;;;;
 ÑA3559;FRAM;0;;;;;
 ÑA4219;FRAM;0;;;;;
 ÑA4556;FRAM;0;;;;;
ÑA4534;FRAM;0;;;;;
 ÑA4579;FRAM;0;;;;;
ÑA4732;FRAM;0;;;;;
 ÑA4831;FRAM;0;;;;;
ÑA4940;FRAM;0;;;;;
 ÑA4958;FRAM;0;;;;;
 ÑA5539;FRAM;0;;;;;
 ÑA6555;FRAM;0;;;;;
 ÑA5687;FRAM;0;;;;;
 ÑA5309;FRAM;0;;;;;
 ÑA8889;FRAM;0;;;;;
ÑA5358;FRAM;0;;;;;
 ÑA5391;FRAM;0;;;;;
 ÑA5369;FRAM;0;;;;;
 ÑA5554;FRAM;0;;;;;
 ÑA5358;FRAM;0;;;;;
 ÑA5908;FRAM;0;;;;;
 ÑA6821;FRAM;0;;;;;
 ÑA4335;FRAM;0;;;;;
ÑA7174;FRAM;0;;;;;
 ÐÀ4419;FRAM;0;;;;;
 ÑA7337;FRAM;0;;;;;
 ÑA7365;FRAM;0;;;;;
 ÑA7417;FRAM;0;;;;;
 ÑA5132;FRAM;0;;;;;
 ÐÀ4248;FRAM;0;;;;;
 ÑA5132;FRAM;0;;;;;
 ÐÀ4418À;FRAM;0;;;;;
 ÐÀ4419;FRAM;0;;;;;
 ÑA5959;FRAM;0;;;;;
 ÑF5473;FRAM;0;;;;;
ÑÀ5174;FRAM;0;;;;;
ÑÀ5554;FRAM;0;;;;;
 ÑA6555;FRAM;0;;;;;
 ÑÀ5308;FRAM;0;;;;;
 ÑA5959;FRAM;0;;;;;
 ÑA5553;FRAM;0;;;;;
ÑÀ3441;FRAM;0;;;;;
ÑÀ5144;FRAM;0;;;;;
ÑÀ6868;FRAM;0;;;;;
 U673;FRAM;0;;;;;
 ÑA2744;FRAM;0;;;;;
 ÑA4578;FRAM;0;;;;;
 ÑA4579;FRAM;0;;;;;
 ÑA4335;FRAM;0;;;;;
 ÑA4578;FRAM;0;;;;;
 ÑA4524;FRAM;0;;;;;
 ÑA5959;FRAM;0;;;;;
 ÑA6555;FRAM;0;;;;;
ÑA6821;FRAM;0;;;;;
 ÑA4285;FRAM;0;;;;;
 ÑA5945;FRAM;0;;;;;
 ÑA5132;FRAM;0;;;;;
 ÑA4521;FRAM;0;;;;;
 ÑA4794;FRAM;0;;;;;
 ÑF5972;FRAM;0;;;;;
 ÑF5972;FRAM;0;;;;;
 ÑA5646;FRAM;0;;;;;
 ÑA3566;FRAM;0;;;;;
 ÑA6807;FRAM;0;;;;;
 ÑAÊ4347;FRAM;0;;;;;
 ÑA5898;FRAM;0;;;;;
 ÑA5930;FRAM;0;;;;;
 ÑA5220;FRAM;0;;;;;
 ÑA5307;FRAM;0;;;;;
 ÑA5408;FRAM;0;;;;;
 ÑA5539;FRAM;0;;;;;
 ÑA3333;FRAM;0;;;;;
 ÑA7426;FRAM;0;;;;;
ÑÀ4311;FRAM;0;;;;;
ÑA5350;FRAM;0;;;;;
ÑA2663A;FRAM;0;;;;;
 ÑA4521;FRAM;0;;;;;
ÑA5829;FRAM;0;;;;;
 ÑA5149;FRAM;0;;;;;
ÑA2732;FRAM;0;;;;;
ÑA3901;FRAM;0;;;;;
 ÑA5149;FRAM;0;;;;;
ÑA4556;FRAM;0;;;;;
 ÑA5209;FRAM;0;;;;;
ÑA5686;FRAM;0;;;;;
ÑA5687;FRAM;0;;;;;
 CA7774;FRAM;0;;;;;
 CA5630À;FRAM;0;;;;;
ÑA5496;FRAM;0;;;;;
 ÑA4877;FRAM;0;;;;;
 ÑA7414;FRAM;0;;;;;
CA2732;FRAM;0;;;;;
 ÑA7597;FRAM;0;;;;;
ÑA5898;FRAM;0;;;;;
 ÑA5715;FRAM;0;;;;;
ÑA8068;FRAM;0;;;;;
 CF8249;FRAM;0;;;;;
 ÑA4503;FRAM;0;;;;;
CA2740;FRAM;0;;;;;
 ÑA9126;FRAM;0;;;;;
 ÑA8069;FRAM;0;;;;;
 ÑA9015;FRAM;0;;;;;
 ÑA9482;FRAM;0;;;;;
 ÑA7764;FRAM;0;;;;;
 ÑA9653;FRAM;0;;;;;
 ÑA4958;FRAM;0;;;;;
CA10447;FRAM;0;;;;;
 ÑA7440;FRAM;0;;;;;
 ÑA5140;FRAM;0;;;;;
 ÑA7426;FRAM;0;;;;;
 ÑÀ8194;FRAM;0;;;;;
 ÑA3399;FRAM;0;;;;;
 ÑA3333;FRAM;0;;;;;
 ÑA4202;FRAM;0;;;;;
 ÑA3145;FRAM;0;;;;;
 ÑA4575;FRAM;0;;;;;
 ÑA5149;FRAM;0;;;;;
 ÑA5564;FRAM;0;;;;;
 CF5935;FRAM;0;;;;;
 ÑA5641;FRAM;0;;;;;
 ÑA5350;FRAM;0;;;;;
 ÑA6479;FRAM;0;;;;;
 ÑA5109;FRAM;0;;;;;
 ÑA7432;FRAM;0;;;;;
 ÑA5109;FRAM;0;;;;;
 ÑA5488;FRAM;0;;;;;
 ÑA5111;FRAM;0;;;;;
 ÑA5611;FRAM;0;;;;;
 ÑA5357;FRAM;0;;;;;
 ÑA4877;FRAM;0;;;;;
 ÑA5108;FRAM;0;;;;;
 ÑA5658;FRAM;0;;;;;
 ÑA4385;FRAM;0;;;;;
 CA2689;FRAM;0;;;;;
 ÑA4308;FRAM;0;;;;;
 ÑA5205;FRAM;0;;;;;
 CA8141;FRAM;0;;;;;
 ÑA5494;FRAM;0;;;;;
 ÑA4237;FRAM;0;;;;;
 ÑA5161;FRAM;0;;;;;
 ÑA5058;FRAM;0;;;;;
 CA10144;FRAM;0;;;;;
 ÑA6541;FRAM;0;;;;;
 CA10144;FRAM;0;;;;;
 ÑA5233;FRAM;0;;;;;
 ÑA9082;FRAM;0;;;;;
 ÑA9694;FRAM;0;;;;;
 CA7224;FRAM;0;;;;;
 CA2740;FRAM;0;;;;;
 ÑA5272;FRAM;0;;;;;
 ÑA7764;FRAM;0;;;;;
 CA6362;FRAM;0;;;;;
 CA4370;FRAM;0;;;;;
ÑA4311;FRAM;0;;;;;
 ÑA7440;FRAM;0;;;;;
 ÑA7344;FRAM;0;;;;;
ÑA4964;FRAM;0;;;;;
ÑA8889;FRAM;0;;;;;
 ÑA8789;FRAM;0;;;;;
ÑA6868;FRAM;0;;;;;
ÑF8777;FRAM;0;;;;;
 ÑA7245;FRAM;0;;;;;
ÑA4964;FRAM;0;;;;;
 CF5842;FRAM;0;;;;;
 CF5842;FRAM;0;;;;;
 ÑA7336;FRAM;0;;;;;
 ÑA7336;FRAM;0;;;;;
ÑA5560;FRAM;0;;;;;
ÑA8768-2;FRAM;0;;;;;
ÑA5875;FRAM;0;;;;;
 ÑA5780;FRAM;0;;;;;
 ÑAÊ5722;FRAM;0;;;;;
 ÑA4369;FRAM;0;;;;;
ÑA7605;FRAM;0;;;;;
ÑA8208;FRAM;0;;;;;
 ÑA5739;FRAM;0;;;;;
 ÑA5369;FRAM;0;;;;;
 ÑA5361;FRAM;0;;;;;
 ÑA4309;FRAM;0;;;;;
 ÑA5109;FRAM;0;;;;;
 ÑA2729;FRAM;0;;;;;
 ÑA5400;FRAM;0;;;;;
ÑA5294;FRAM;0;;;;;
 ÑA5579;FRAM;0;;;;;
ÑA5680;FRAM;0;;;;;
 CA4567;FRAM;0;;;;;
ÑA9754;FRAM;0;;;;;
ÑÀ5378;FRAM;0;;;;;
CA2709;FRAM;0;;;;;
ÑA6544;FRAM;0;;;;;
 ÑA7351;FRAM;0;;;;;
 ÑA4818;FRAM;0;;;;;
 ÑA5301;FRAM;0;;;;;
 ÑA5108;FRAM;0;;;;;
 ÑA4540;FRAM;0;;;;;
 ÑA5367;FRAM;0;;;;;
 ÑA9800;FRAM;0;;;;;
ÑA5370;FRAM;0;;;;;
 ÑÀ5826;FRAM;0;;;;;
 ÑÀ9680;FRAM;0;;;;;
 ÑA9426;FRAM;0;;;;;
 CA10144;FRAM;0;;;;;
 CA10249;FRAM;0;;;;;
 ÑA9082;FRAM;0;;;;;
ÑA5445;FRAM;0;;;;;
 CF9395;FRAM;0;;;;;
 CF5664;FRAM;0;;;;;
 CF9323;FRAM;0;;;;;
 CF9338;FRAM;0;;;;;
CF9338;FRAM;0;;;;;
 CFA8869;FRAM;0;;;;;
 PH2821A;FRAM;0;;;;;
 PH2881;FRAM;0;;;;;
 PH2934;FRAM;0;;;;;
 PH2992;FRAM;0;;;;;
 PH3593;FRAM;0;;;;;
PH30;FRAM;0;;;;;
 PH4532;FRAM;0;;;;;
 PH4703;FRAM;0;;;;;
 PH4952;FRAM;0;;;;;
 P3828;FRAM;0;;;;;
 PH3985;FRAM;0;;;;;
 PH4546;FRAM;0;;;;;
 PH4825;FRAM;0;;;;;
 PH4847;FRAM;0;;;;;
 PH5114;FRAM;0;;;;;
 PH5529;FRAM;0;;;;;
PH5975;FRAM;0;;;;;
 PH966Â;FRAM;0;;;;;
 CH2801;FRAM;0;;;;;
 C-3DB;FRAM;0;;;;;
CH4748;FRAM;0;;;;;
 CH5855;FRAM;0;;;;;
 CH8157;FRAM;0;;;;;
 CH8158;FRAM;0;;;;;
 PH2809;FRAM;0;;;;;
ÐÍ4952;FRAM;0;;;;;
 CH4748;FRAM;0;;;;;
 C-3DB;FRAM;0;;;;;
ÐÍ2951;FRAM;0;;;;;
ÐÍ977À;FRAM;0;;;;;
 PH2881;FRAM;0;;;;;
 PH3950;FRAM;0;;;;;
ÐÍ5883;FRAM;0;;;;;
ÐÍ4746;FRAM;0;;;;;
ÐÍ5414;FRAM;0;;;;;
ÐÍ4723;FRAM;0;;;;;
PH4847;FRAM;0;;;;;
ÐÍ5583;FRAM;0;;;;;
 CH8157;FRAM;0;;;;;
 PH2954;FRAM;0;;;;;
ÐÍ5286;FRAM;0;;;;;
ÑÍ962PL;FRAM;0;;;;;
 CH8158ÅÑÎ;FRAM;0;;;;;
ÑÍ4802;FRAM;0;;;;;
ÑÍ6351;FRAM;0;;;;;
ÑÍ5565;FRAM;0;;;;;
ÐÍ5124;FRAM;0;;;;;
 PH4532;FRAM;0;;;;;
 X128;FRAM;0;;;;;
 PH3950;FRAM;0;;;;;
 PH2934;FRAM;0;;;;;
PH4853;FRAM;0;;;;;
PH2954;FRAM;0;;;;;
 PH5592;FRAM;0;;;;;
 CH8814ECO;FRAM;0;;;;;
 CH4748;FRAM;0;;;;;
 CH6004;FRAM;0;;;;;
 CH2930;FRAM;0;;;;;
CH8087;FRAM;0;;;;;
 PH4751;FRAM;0;;;;;
 PH4952;FRAM;0;;;;;
 C-3DB;FRAM;0;;;;;
 PH2842;FRAM;0;;;;;
 CH6005;FRAM;0;;;;;
 PH2863-1;FRAM;0;;;;;
 PH2950;FRAM;0;;;;;
 PH2881;FRAM;0;;;;;
PH2934;FRAM;0;;;;;
 CH8087;FRAM;0;;;;;
PH2992;FRAM;0;;;;;
 P3828;FRAM;0;;;;;
 PH30;FRAM;0;;;;;
 PH4532;FRAM;0;;;;;
 PH5113;FRAM;0;;;;;
 CH 964 PL;FRAM;0;;;;;
 CH4802;FRAM;0;;;;;
 PH4751;FRAM;0;;;;;
 PH4825;FRAM;0;;;;;
 PH4847 À;FRAM;0;;;;;
PH5113;FRAM;0;;;;;
PH5114;FRAM;0;;;;;
CH5979;FRAM;0;;;;;
 C-4DB;FRAM;0;;;;;
PH2849 À;FRAM;0;;;;;
 PH2978;FRAM;0;;;;;
 PH4703;FRAM;0;;;;;
 PH5115;FRAM;0;;;;;
 PH5911;FRAM;0;;;;;
 PH2850;FRAM;0;;;;;
 CH8157;FRAM;0;;;;;
 PH3387A;FRAM;0;;;;;
 CH6006;FRAM;0;;;;;
CH6000;FRAM;0;;;;;
 PH6018;FRAM;0;;;;;
 PH6018;FRAM;0;;;;;
PH8A;FRAM;0;;;;;
 CÍ9462ÅÑÎ;FRAM;0;;;;;
 CÍ9432ÅÑÎ;FRAM;0;;;;;
CH7338åñî;FRAM;0;;;;;
 PH4854;FRAM;0;;;;;
 PH5529;FRAM;0;;;;;
PH8A;FRAM;0;;;;;
 CÍ9348ÅÑÎ;FRAM;0;;;;;
 PH3980;FRAM;0;;;;;
 CH7338åñî;FRAM;0;;;;;
 PH2985;FRAM;0;;;;;
 PH966Â;FRAM;0;;;;;
CH6012;FRAM;0;;;;;
 CÍ9530ÅÑÎ;FRAM;0;;;;;
 CH6012;FRAM;0;;;;;
 PH4990Â;FRAM;0;;;;;
 PH5550;FRAM;0;;;;;
 CH6066;FRAM;0;;;;;
 PH5550;FRAM;0;;;;;
 CÍ10045ÅÑÎ;FRAM;0;;;;;
 CH5976ECO;FRAM;0;;;;;
 CH9018 ÅÑÎ;FRAM;0;;;;;
 CÍ9443ÅÑÎ;FRAM;0;;;;;
ÑÍ9706ÅÑÎ;FRAM;0;;;;;
 ÑÍ9911ÅÑÎ;FRAM;0;;;;;
CH8905 ÅÑÎ;FRAM;0;;;;;
 ÑÍ9918ÅÑÎ;FRAM;0;;;;;
 PH 5552;FRAM;0;;;;;
PH2870À;FRAM;0;;;;;
 CH8905 ÅÑÎ;FRAM;0;;;;;
 CH5993ECO;FRAM;0;;;;;
 CH8081ÅÑÎ;FRAM;0;;;;;
 PH2;FRAM;0;;;;;
 PH9727;FRAM;0;;;;;
CH6846;FRAM;0;;;;;
 PH9566;FRAM;0;;;;;
 CH5958ECO;FRAM;0;;;;;
 CH5320;FRAM;0;;;;;
 PH2957;FRAM;0;;;;;
 PH 5552;FRAM;0;;;;;
 PH2870À;FRAM;0;;;;;
 CH6846;FRAM;0;;;;;
 PH46;FRAM;0;;;;;
 PH5803;FRAM;0;;;;;
 CH5565;FRAM;0;;;;;
 ÐH2801;FRAM;0;;;;;
 CH5320;FRAM;0;;;;;
 PH2957;FRAM;0;;;;;
 PH16;FRAM;0;;;;;
 PH3531;FRAM;0;;;;;
 PH4722;FRAM;0;;;;;
 PH2886;FRAM;0;;;;;
 PH5713;FRAM;0;;;;;
 PH5803;FRAM;0;;;;;
 ÐH2801;FRAM;0;;;;;
 PH2964;FRAM;0;;;;;
 PH6811;FRAM;0;;;;;
 CH2801-2;FRAM;0;;;;;
 PH3531;FRAM;0;;;;;
PH6354;FRAM;0;;;;;
 PH3562;FRAM;0;;;;;
PH4998;FRAM;0;;;;;
 PH5343;FRAM;0;;;;;
 PH3569;FRAM;0;;;;;
 PH5317;FRAM;0;;;;;
 PH4913;FRAM;0;;;;;
 CH6847;FRAM;0;;;;;
 CH2801-1;FRAM;0;;;;;
 CH6848;FRAM;0;;;;;
 PH4681;FRAM;0;;;;;
 PH5796;FRAM;0;;;;;
 PH3614;FRAM;0;;;;;
 PH43;FRAM;0;;;;;
 PH4967;FRAM;0;;;;;
 PH8993;FRAM;0;;;;;
 CH8530ECO;FRAM;0;;;;;
 PH3569;FRAM;0;;;;;
CH5478;FRAM;0;;;;;
 CÍ9496ÅÑÎ;FRAM;0;;;;;
 R-78;FRAM;0;;;;;
 C5969;FRAM;0;;;;;
 G5607;FRAM;0;;;;;
 G3641;FRAM;0;;;;;
 PS5960;FRAM;0;;;;;
 P4159;FRAM;0;;;;;
 G4715;FRAM;0;;;;;
 G5404;FRAM;0;;;;;
 G5561;FRAM;0;;;;;
 G6689;FRAM;0;;;;;
 G7147;FRAM;0;;;;;
 G7596;FRAM;0;;;;;
G7647;FRAM;0;;;;;
 G7767;FRAM;0;;;;;
 Ñ11860Z;FRAM;0;;;;;
 G7769;FRAM;0;;;;;
 P3726;FRAM;0;;;;;
 G4143;FRAM;0;;;;;
 P5655;FRAM;0;;;;;
 Ð5753;FRAM;0;;;;;
Ð5652;FRAM;0;;;;;
Ð5653;FRAM;0;;;;;
Ñ11860Z;FRAM;0;;;;;
 G5404;FRAM;0;;;;;
G3713;FRAM;0;;;;;
G3713;FRAM;0;;;;;
G4894;FRAM;0;;;;;
Ñ11860Z;FRAM;0;;;;;
 G7647;FRAM;0;;;;;
P4159;FRAM;0;;;;;
G6574;FRAM;0;;;;;
G5424;FRAM;0;;;;;
 FE282;FRAM;0;;;;;
 ÐS5960;FRAM;0;;;;;
G5603;FRAM;0;;;;;
 G5915;FRAM;0;;;;;
 G5441;FRAM;0;;;;;
 G7769;FRAM;0;;;;;
 G7333;FRAM;0;;;;;
 G6677;FRAM;0;;;;;
 P4159;FRAM;0;;;;;
 C5897;FRAM;0;;;;;
 G6566;FRAM;0;;;;;
 P8043;FRAM;0;;;;;
 G8160;FRAM;0;;;;;
 G5237;FRAM;0;;;;;
G5540;FRAM;0;;;;;
 G5260;FRAM;0;;;;;
 G7146;FRAM;0;;;;;
 G7315;FRAM;0;;;;;
 G3747;FRAM;0;;;;;
G9484;FRAM;0;;;;;
 G5441;FRAM;0;;;;;
 G7760;FRAM;0;;;;;
 G4953;FRAM;0;;;;;
 G6507;FRAM;0;;;;;
PS9476;FRAM;0;;;;;
Ñ1191;FRAM;0;;;;;
 G5774;FRAM;0;;;;;
G6680;FRAM;0;;;;;
 C5897;FRAM;0;;;;;
 G5870;FRAM;0;;;;;
 C8981ÅÑÎ;FRAM;0;;;;;
 G8018;FRAM;0;;;;;
 G4715;FRAM;0;;;;;
 G4715;FRAM;0;;;;;
 G3829;FRAM;0;;;;;
 P4183;FRAM;0;;;;;
G6400;FRAM;0;;;;;
 G5540;FRAM;0;;;;;
 P5653;FRAM;0;;;;;
 P5173;FRAM;0;;;;;
 G4775;FRAM;0;;;;;
 P8916;FRAM;0;;;;;
 P5653 ;FRAM;0;;;;;
G3737;FRAM;0;;;;;
P4549A;FRAM;0;;;;;
 G3737;FRAM;0;;;;;
P5651;FRAM;0;;;;;
 G3744;FRAM;0;;;;;
 G4953;FRAM;0;;;;;
 P4807;FRAM;0;;;;;
 G6827;FRAM;0;;;;;
 G9334;FRAM;0;;;;;
G6826;FRAM;0;;;;;
 G5774;FRAM;0;;;;;
G8016;FRAM;0;;;;;
 G4164;FRAM;0;;;;;
 G5857;FRAM;0;;;;;
G3727;FRAM;0;;;;;
P4886;FRAM;0;;;;;
 Ñ4986A;FRAM;0;;;;;
 G3802;FRAM;0;;;;;
 G3850;FRAM;0;;;;;
 G7099;FRAM;0;;;;;
 G4143;FRAM;0;;;;;
 P5173;FRAM;0;;;;;
 G6537;FRAM;0;;;;;
G6440;FRAM;0;;;;;
 G4775;FRAM;0;;;;;
 Ð4174;FRAM;0;;;;;
 P4549A;FRAM;0;;;;;
 G3736;FRAM;0;;;;;
 G7355;FRAM;0;;;;;
 G5916;FRAM;0;;;;;
 P5138;FRAM;0;;;;;
Ñ4161;FRAM;0;;;;;
 G5607;FRAM;0;;;;;
 G6827;FRAM;0;;;;;
G6826;FRAM;0;;;;;
 G4378;FRAM;0;;;;;
 G8016;FRAM;0;;;;;
P4922;FRAM;0;;;;;
 G12-1;FRAM;0;;;;;
 6259MC;Gates;0;;;;;
 ÊÎ15124 ;Gates;0;;;;;
 ÊÎ15016;Gates;0;;;;;
5130XS;Gates;0;;;;;
5449;Gates;0;;;;;
5048;Gates;0;;;;;
 5215XS;Gates;0;;;;;
5049;Gates;0;;;;;
5078;Gates;0;;;;;
5015;Gates;0;;;;;
5027;Gates;0;;;;;
5031;Gates;0;;;;;
 5049XS;Gates;0;;;;;
5053;Gates;0;;;;;
5067;Gates;0;;;;;
5068;Gates;0;;;;;
5090;Gates;0;;;;;
5177;Gates;0;;;;;
5180;Gates;0;;;;;
 5084XS;Gates;0;;;;;
 5183XS;Gates;0;;;;;
 5190XS;Gates;0;;;;;
5193;Gates;0;;;;;
 5299XS;Gates;0;;;;;
 5192XS;Gates;0;;;;;
 5197XS;Gates;0;;;;;
 5205XS;Gates;0;;;;;
5209;Gates;0;;;;;
 5213XS;Gates;0;;;;;
 5214XS;Gates;0;;;;;
5311;Gates;0;;;;;
 5215XS;Gates;0;;;;;
5222;Gates;0;;;;;
 5228XS;Gates;0;;;;;
 5233XS;Gates;0;;;;;
 5237XS;Gates;0;;;;;
 5237XS;Gates;0;;;;;
 5228XS;Gates;0;;;;;
 5352XS;Gates;0;;;;;
 5244XS;Gates;0;;;;;
5245;Gates;0;;;;;
 5376XS;Gates;0;;;;;
 5248XS;Gates;0;;;;;
 5269XS;Gates;0;;;;;
 5279XS;Gates;0;;;;;
 5282XS;Gates;0;;;;;
5400;Gates;0;;;;;
5406;Gates;0;;;;;
 5289XS;Gates;0;;;;;
 5301XS;Gates;0;;;;;
 5302XS;Gates;0;;;;;
5306;Gates;0;;;;;
 5430XS;Gates;0;;;;;
 5309XS;Gates;0;;;;;
 5318XS;Gates;0;;;;;
 5289XS;Gates;0;;;;;
 5321XS;Gates;0;;;;;
 5321XS;Gates;0;;;;;
 5343XS;Gates;0;;;;;
 5408XS;Gates;0;;;;;
 5345XS;Gates;0;;;;;
 5425XS;Gates;0;;;;;
 5348XS;Gates;0;;;;;
 5258XS;Gates;0;;;;;
 5350XS;Gates;0;;;;;
 5353XS;Gates;0;;;;;
5419;Gates;0;;;;;
 5357XS;Gates;0;;;;;
 5371XS;Gates;0;;;;;
 5378XS;Gates;0;;;;;
5078;Gates;0;;;;;
5193;Gates;0;;;;;
 5380XS;Gates;0;;;;;
 5396XS;Gates;0;;;;;
 5397XS;Gates;0;;;;;
5072;Gates;0;;;;;
 5345XS;Gates;0;;;;;
 5399XS;Gates;0;;;;;
 5419XS;Gates;0;;;;;
 5425XS;Gates;0;;;;;
5428;Gates;0;;;;;
5274;Gates;0;;;;;
5403XS;Gates;0;;;;;
 5373XS;Gates;0;;;;;
 5466XS;Gates;0;;;;;
5001;Gates;0;;;;;
5014;Gates;0;;;;;
 5481XS;Gates;0;;;;;
 5490XS;Gates;0;;;;;
 5269XS;Gates;0;;;;;
5041;Gates;0;;;;;
5049XS;Gates;0;;;;;
 5050XS;Gates;0;;;;;
5053;Gates;0;;;;;
5056;Gates;0;;;;;
5065;Gates;0;;;;;
 5352XS;Gates;0;;;;;
5435XS;Gates;0;;;;;
 5323XS;Gates;0;;;;;
 5451XS;Gates;0;;;;;
5001;Gates;0;;;;;
5014;Gates;0;;;;;
5071;Gates;0;;;;;
5076;Gates;0;;;;;
5033;Gates;0;;;;;
5039;Gates;0;;;;;
5090;Gates;0;;;;;
5112;Gates;0;;;;;
5118;Gates;0;;;;;
 5050XS;Gates;0;;;;;
5054;Gates;0;;;;;
 5055XS;Gates;0;;;;;
5056;Gates;0;;;;;
5060;Gates;0;;;;;
5062;Gates;0;;;;;
5065;Gates;0;;;;;
5129;Gates;0;;;;;
5134;Gates;0;;;;;
5178;Gates;0;;;;;
5180;Gates;0;;;;;
 5192XS;Gates;0;;;;;
5071;Gates;0;;;;;
 5075XS;Gates;0;;;;;
5076;Gates;0;;;;;
5088;Gates;0;;;;;
 5204XS;Gates;0;;;;;
 5238XS;Gates;0;;;;;
5245;Gates;0;;;;;
 5269XS;Gates;0;;;;;
 5289XS;Gates;0;;;;;
5110;Gates;0;;;;;
5112;Gates;0;;;;;
5113;Gates;0;;;;;
5118;Gates;0;;;;;
5129;Gates;0;;;;;
5304;Gates;0;;;;;
5313;Gates;0;;;;;
 5345XS;Gates;0;;;;;
5378XS;Gates;0;;;;;
5134;Gates;0;;;;;
5135;Gates;0;;;;;
5178;Gates;0;;;;;
 5204XS;Gates;0;;;;;
5213;Gates;0;;;;;
 5338XS;Gates;0;;;;;
 5436XS;Gates;0;;;;;
 5238XS;Gates;0;;;;;
5288;Gates;0;;;;;
5299;Gates;0;;;;;
5067;Gates;0;;;;;
5304;Gates;0;;;;;
5307;Gates;0;;;;;
5313;Gates;0;;;;;
 5309XS;Gates;0;;;;;
 5370XS;Gates;0;;;;;
5124;Gates;0;;;;;
 5342XS;Gates;0;;;;;
 5516XS;Gates;0;;;;;
5020;Gates;0;;;;;
5063;Gates;0;;;;;
 5403XS;Gates;0;;;;;
 5234XS;Gates;0;;;;;
5031;Gates;0;;;;;
5017;Gates;0;;;;;
 5368XS;Gates;0;;;;;
5031;Gates;0;;;;;
5041;Gates;0;;;;;
5072;Gates;0;;;;;
5035;Gates;0;;;;;
5016;Gates;0;;;;;
5391XS;Gates;0;;;;;
5036;Gates;0;;;;;
5176;Gates;0;;;;;
 5427XS;Gates;0;;;;;
 5040XS;Gates;0;;;;;
 5373XS;Gates;0;;;;;
5020;Gates;0;;;;;
5079;Gates;0;;;;;
5123;Gates;0;;;;;
 5225XS;Gates;0;;;;;
 5258XS;Gates;0;;;;;
5419XS;Gates;0;;;;;
 5419XS;Gates;0;;;;;
 5419XS;Gates;0;;;;;
 5264XS;Gates;0;;;;;
5281;Gates;0;;;;;
5041;Gates;0;;;;;
5319;Gates;0;;;;;
5176;Gates;0;;;;;
 5320XS;Gates;0;;;;;
 5334XS;Gates;0;;;;;
 5346XS;Gates;0;;;;;
 5190XS;Gates;0;;;;;
5400;Gates;0;;;;;
5406;Gates;0;;;;;
 5190XS;Gates;0;;;;;
 5255XS;Gates;0;;;;;
 5430XS;Gates;0;;;;;
 5442XS;Gates;0;;;;;
 Ò 233;Gates;0;;;;;
5063;Gates;0;;;;;
 5499 XS;Gates;0;;;;;
 5461XS;Gates;0;;;;;
 5408XS;Gates;0;;;;;
 5369XS;Gates;0;;;;;
 5405XS;Gates;0;;;;;
 5453XS;Gates;0;;;;;
 5424XS;Gates;0;;;;;
5002;Gates;0;;;;;
 5317XS;Gates;0;;;;;
 5345XS;Gates;0;;;;;
5409XS;Gates;0;;;;;
5274XS;Gates;0;;;;;
5521;Gates;0;;;;;
5124;Gates;0;;;;;
 5521XS;Gates;0;;;;;
 5598 XS;Gates;0;;;;;
 5283 XS;Gates;0;;;;;
 5445XS;Gates;0;;;;;
 5234XS;Gates;0;;;;;
 5310 XS;Gates;0;;;;;
 5117XS;Gates;0;;;;;
5035;Gates;0;;;;;
 5075XS;Gates;0;;;;;
5016;Gates;0;;;;;
 5386XS;Gates;0;;;;;
 5235XS;Gates;0;;;;;
5069;Gates;0;;;;;
 5256XS;Gates;0;;;;;
 6604ES;Gates;0;;;;;
 6606ES;Gates;0;;;;;
 6498ESC;Gates;0;;;;;
 5372XS;Gates;0;;;;;
 6486EXL;Gates;0;;;;;
 5373XS;Gates;0;;;;;
5254XS;Gates;0;;;;;
 5358XS;Gates;0;;;;;
5077;Gates;0;;;;;
5311;Gates;0;;;;;
5508XS;Gates;0;;;;;
 6202MC;Gates;0;;;;;
 6208MC;Gates;0;;;;;
6225MC;Gates;0;;;;;
 6228MC;Gates;0;;;;;
 5565XS;Gates;0;;;;;
 5360XS;Gates;0;;;;;
 5193XS;Gates;0;;;;;
 5223XS;Gates;0;;;;;
 6229MC;Gates;0;;;;;
 5314XS;Gates;0;;;;;
5078;Gates;0;;;;;
 5489XS;Gates;0;;;;;
 6236ESC;Gates;0;;;;;
 5616 XS;Gates;0;;;;;
 5255XS;Gates;0;;;;;
 5510XS;Gates;0;;;;;
 6269MC;Gates;0;;;;;
 5492XS;Gates;0;;;;;
 5408XS;Gates;0;;;;;
6281MC;Gates;0;;;;;
 6276MC;Gates;0;;;;;
 5208XS;Gates;0;;;;;
 5453XS;Gates;0;;;;;
 6363MC;Gates;0;;;;;
 5074XS;Gates;0;;;;;
 5257XS;Gates;0;;;;;
 6385MC;Gates;0;;;;;
 6267MC;Gates;0;;;;;
 6308MC;Gates;0;;;;;
5235XS;Gates;0;;;;;
5034;Gates;0;;;;;
 5061XS;Gates;0;;;;;
 6386MC;Gates;0;;;;;
 6390MC;Gates;0;;;;;
 6310MC;Gates;0;;;;;
 6379MC;Gates;0;;;;;
 6463MC;Gates;0;;;;;
 6565EXL;Gates;0;;;;;
 6223MC;Gates;0;;;;;
 6237ESC;Gates;0;;;;;
 6240ESC;Gates;0;;;;;
5246;Gates;0;;;;;
5614 XS;Gates;0;;;;;
5613 XS;Gates;0;;;;;
5138;Gates;0;;;;;
5185;Gates;0;;;;;
5539;Gates;0;;;;;
 5479 XS;Gates;0;;;;;
 5569 XS;Gates;0;;;;;
 5609 XS;Gates;0;;;;;
 5598 XS;Gates;0;;;;;
 5607 XS;Gates;0;;;;;
 6389MC;Gates;0;;;;;
 5600 XS;Gates;0;;;;;
 5602 XS;Gates;0;;;;;
 6261MC;Gates;0;;;;;
 5611XS;Gates;0;;;;;
5605 XS;Gates;0;;;;;
5224ÕS;Gates;0;;;;;
 5369XS;Gates;0;;;;;
 5474XS;Gates;0;;;;;
 5310 XS;Gates;0;;;;;
 5308XS;Gates;0;;;;;
5130XS;Gates;0;;;;;
 5493XS;Gates;0;;;;;
 6605ES;Gates;0;;;;;
 6564EXL;Gates;0;;;;;
 6724ES;Gates;0;;;;;
 6460MC;Gates;0;;;;;
 6466 EXL;Gates;0;;;;;
 6474EXL;Gates;0;;;;;
 6493EXL;Gates;0;;;;;
 6241ESC;Gates;0;;;;;
 6495EXL;Gates;0;;;;;
 6270MC;Gates;0;;;;;
 6496EXL;Gates;0;;;;;
 6497EXL;Gates;0;;;;;
 6499XL;Gates;0;;;;;
6204MC;Gates;0;;;;;
 6217MC;Gates;0;;;;;
6204MC;Gates;0;;;;;
6209MC;Gates;0;;;;;
 6207MC;Gates;0;;;;;
 6217MC;Gates;0;;;;;
 6222MC;Gates;0;;;;;
 6239ESC;Gates;0;;;;;
6230MC;Gates;0;;;;;
 6257MC;Gates;0;;;;;
 6262MC;Gates;0;;;;;
 6264MC;Gates;0;;;;;
6248SC;Gates;0;;;;;
 6257MC;Gates;0;;;;;
 6259MC;Gates;0;;;;;
 6264MC;Gates;0;;;;;
6237ESC;Gates;0;;;;;
 6245ESC;Gates;0;;;;;
 6270MC;Gates;0;;;;;
 6278XS;Gates;0;;;;;
 6282MC;Gates;0;;;;;
 6284MC;Gates;0;;;;;
 6285MC;Gates;0;;;;;
 6308MC;Gates;0;;;;;
 6309MC;Gates;0;;;;;
 6284MC;Gates;0;;;;;
 6268MC;Gates;0;;;;;
 6270MC;Gates;0;;;;;
 6282MC;Gates;0;;;;;
 6315MC;Gates;0;;;;;
 6373MC;Gates;0;;;;;
6375MC;Gates;0;;;;;
6312MC;Gates;0;;;;;
 6318MC;Gates;0;;;;;
 6498ESC;Gates;0;;;;;
 6470MC;Gates;0;;;;;
 6312MC;Gates;0;;;;;
 6261MC;Gates;0;;;;;
 6318MC;Gates;0;;;;;
 6287MC;Gates;0;;;;;
6498ESC;Gates;0;;;;;
 6236ESC;Gates;0;;;;;
6237ESC;Gates;0;;;;;
 6564EXL;Gates;0;;;;;
 6208MC;Gates;0;;;;;
 6236ESC;Gates;0;;;;;
6264MC;Gates;0;;;;;
6276MC;Gates;0;;;;;
 6223MC;Gates;0;;;;;
6308MC;Gates;0;;;;;
 6379MC;Gates;0;;;;;
6386MC*2;Gates;0;;;;;
 6207MC;Gates;0;;;;;
 6473EXL;Gates;0;;;;;
 6390MC;Gates;0;;;;;
6230MC;Gates;0;;;;;
6309MC;Gates;0;;;;;
 6565EXL;Gates;0;;;;;
 6225MC;Gates;0;;;;;
 6285MC;Gates;0;;;;;
6240ESC;Gates;0;;;;;
6263MC;Gates;0;;;;;
 6306MC;Gates;0;;;;;
6241ESC;Gates;0;;;;;
 6313MC;Gates;0;;;;;
 6483MC;Gates;0;;;;;
 6605ES;Gates;0;;;;;
6202MC;Gates;0;;;;;
6474EXL;Gates;0;;;;;
6210MC;Gates;0;;;;;
 6223MC;Gates;0;;;;;
 6474EXL;Gates;0;;;;;
 6224MC;Gates;0;;;;;
 6491EXL;Gates;0;;;;;
6229MC;Gates;0;;;;;
6269MC;Gates;0;;;;;
 6461EXL;Gates;0;;;;;
 6280MC;Gates;0;;;;;
 6310MC;Gates;0;;;;;
 6390MC;Gates;0;;;;;
 6363MC;Gates;0;;;;;
 6380MC;Gates;0;;;;;
 6390MC;Gates;0;;;;;
 6385MC;Gates;0;;;;;
 6389MC;Gates;0;;;;;
 6470MC;Gates;0;;;;;
 6461ESC;Gates;0;;;;;
 6604ES;Gates;0;;;;;
 6606ES;Gates;0;;;;;
6718ES;Gates;0;;;;;
 6743ES;Gates;0;;;;;
 6479MC;Gates;0;;;;;
6608ES;Gates;0;;;;;
 6267MC;Gates;0;;;;;
 À34;Gates;0;;;;;
 6479MC;Gates;0;;;;;
 6480MC;Gates;0;;;;;
 6482MC;Gates;0;;;;;
 6484MC;Gates;0;;;;;
 6448MC;Gates;0;;;;;
6263MC;Gates;0;;;;;
 6206MC;Gates;0;;;;;
 6485MC;Gates;0;;;;;
 6489EXL;Gates;0;;;;;
 6460MC;Gates;0;;;;;
 6473EXL;Gates;0;;;;;
 6301MC;Gates;0;;;;;
 6560MC;Gates;0;;;;;
 6492EXL;Gates;0;;;;;
 6226MC;Gates;0;;;;;
 6242ESC;Gates;0;;;;;
 6260MC;Gates;0;;;;;
 6721ES;Gates;0;;;;;
 6233MC;Gates;0;;;;;
 6221MC;Gates;0;;;;;
 6260MC;Gates;0;;;;;
 6221MC;Gates;0;;;;;
 6607ES;Gates;0;;;;;
 6483MC;Gates;0;;;;;
 6276MC;Gates;0;;;;;
 6471EXL;Gates;0;;;;;
 6494EXL;Gates;0;;;;;
 6491EXL;Gates;0;;;;;
 6486EXL;Gates;0;;;;;
 6391MC;Gates;0;;;;;
 6231MC;Gates;0;;;;;
 6234MC;Gates;0;;;;;
6327MC;Gates;0;;;;;
6364MC;Gates;0;;;;;
 6205MC;Gates;0;;;;;
 6467MC;Gates;0;;;;;
 6283MC;Gates;0;;;;;
 6476MC;Gates;0;;;;;
 6283MC;Gates;0;;;;;
6478MC;Gates;0;;;;;
 6209MC;Gates;0;;;;;
 6469MC;Gates;0;;;;;
 6566 EXL;Gates;0;;;;;
 6211MC;Gates;0;;;;;
6465MC;Gates;0;;;;;
 6273MC;Gates;0;;;;;
 6472MC;Gates;0;;;;;
 6475MC;Gates;0;;;;;
 6475MC;Gates;0;;;;;
 6266MC;Gates;0;;;;;
 6479MC;Gates;0;;;;;
 6219MC;Gates;0;;;;;
 6480MC;Gates;0;;;;;
6482MC;Gates;0;;;;;
 6484MC;Gates;0;;;;;
6485MC;Gates;0;;;;;
 6488EXL;Gates;0;;;;;
6462MC;Gates;0;;;;;
58377;Gates;0;;;;;
 6463MC;Gates;0;;;;;
38348;Gates;0;;;;;
 6464MC;Gates;0;;;;;
 6466MC;Gates;0;;;;;
 6468MC;Gates;0;;;;;
 B-40MN;Gates;0;;;;;
48383;Gates;0;;;;;
 B32;Gates;0;;;;;
 6727ES;Gates;0;;;;;
6220MC;Gates;0;;;;;
 6281MC;Gates;0;;;;;
58342;Gates;0;;;;;
 6272MC;Gates;0;;;;;
 6275 ESC;Gates;0;;;;;
 6221MC;Gates;0;;;;;
 6232MC;Gates;0;;;;;
 6271MC;Gates;0;;;;;
 6265MC;Gates;0;;;;;
 6265MC;Gates;0;;;;;
 6265MC;Gates;0;;;;;
 6218MC;Gates;0;;;;;
68365;Gates;0;;;;;
68384;Gates;0;;;;;
 6214MC;Gates;0;;;;;
6228MC;Gates;0;;;;;
6231MC;Gates;0;;;;;
68439;Gates;0;;;;;
68413;Gates;0;;;;;
 6235ESC;Gates;0;;;;;
68446;Gates;0;;;;;
68473;Gates;0;;;;;
 6205MC;Gates;0;;;;;
 6211MC;Gates;0;;;;;
 6273MC;Gates;0;;;;;
 6212MC;Gates;0;;;;;
 6213MC;Gates;0;;;;;
68468;Gates;0;;;;;
68391;Gates;0;;;;;
 6215MC;Gates;0;;;;;
 6266MC;Gates;0;;;;;
68439;Gates;0;;;;;
6219MC;Gates;0;;;;;
 6490EXL;Gates;0;;;;;
68805;Gates;0;;;;;
 ÊÎ60539;Gates;0;;;;;
68806;Gates;0;;;;;
68410;Gates;0;;;;;
38333;Gates;0;;;;;
38372;Gates;0;;;;;
48354;Gates;0;;;;;
58377;Gates;0;;;;;
38372;Gates;0;;;;;
 ÊÎ60539;Gates;0;;;;;
38328;Gates;0;;;;;
 38337XS;Gates;0;;;;;
38372;Gates;0;;;;;
68451;Gates;0;;;;;
38340;Gates;0;;;;;
38345;Gates;0;;;;;
38347;Gates;0;;;;;
48382;Gates;0;;;;;
38355;Gates;0;;;;;
38358;Gates;0;;;;;
38363;Gates;0;;;;;
58348;Gates;0;;;;;
38367;Gates;0;;;;;
58350;Gates;0;;;;;
48330;Gates;0;;;;;
58350;Gates;0;;;;;
48336;Gates;0;;;;;
48341;Gates;0;;;;;
 48337XS;Gates;0;;;;;
48339;Gates;0;;;;;
48342;Gates;0;;;;;
68465;Gates;0;;;;;
48343;Gates;0;;;;;
48344;Gates;0;;;;;
38345;Gates;0;;;;;
38347;Gates;0;;;;;
48345;Gates;0;;;;;
48349;Gates;0;;;;;
58351;Gates;0;;;;;
48373;Gates;0;;;;;
68471;Gates;0;;;;;
48375;Gates;0;;;;;
48378;Gates;0;;;;;
88472;Gates;0;;;;;
48391;Gates;0;;;;;
48394;Gates;0;;;;;
68381;Gates;0;;;;;
48398;Gates;0;;;;;
68415;Gates;0;;;;;
58336;Gates;0;;;;;
58337;Gates;0;;;;;
58340;Gates;0;;;;;
 58341XS;Gates;0;;;;;
38349;Gates;0;;;;;
58341;Gates;0;;;;;
58343;Gates;0;;;;;
58344;Gates;0;;;;;
58347;Gates;0;;;;;
68424;Gates;0;;;;;
68424;Gates;0;;;;;
58348;Gates;0;;;;;
58359;Gates;0;;;;;
58380;Gates;0;;;;;
68465;Gates;0;;;;;
58402;Gates;0;;;;;
58405;Gates;0;;;;;
58414;Gates;0;;;;;
58420;Gates;0;;;;;
68343;Gates;0;;;;;
68351;Gates;0;;;;;
68360;Gates;0;;;;;
48362;Gates;0;;;;;
68366;Gates;0;;;;;
68367;Gates;0;;;;;
68369;Gates;0;;;;;
38344;Gates;0;;;;;
68371;Gates;0;;;;;
68376;Gates;0;;;;;
68401;Gates;0;;;;;
48358;Gates;0;;;;;
68412;Gates;0;;;;;
68416;Gates;0;;;;;
48406;Gates;0;;;;;
48365;Gates;0;;;;;
68421;Gates;0;;;;;
68387;Gates;0;;;;;
48348;Gates;0;;;;;
68459;Gates;0;;;;;
68469;Gates;0;;;;;
68803;Gates;0;;;;;
78359;Gates;0;;;;;
78372;Gates;0;;;;;
48351;Gates;0;;;;;
78379;Gates;0;;;;;
48352;Gates;0;;;;;
78411ES;Gates;0;;;;;
78465;Gates;0;;;;;
78443;Gates;0;;;;;
88472;Gates;0;;;;;
68420;Gates;0;;;;;
68471;Gates;0;;;;;
58342;Gates;0;;;;;
68381;Gates;0;;;;;
68468;Gates;0;;;;;
48334;Gates;0;;;;;
48380;Gates;0;;;;;
58368;Gates;0;;;;;
68451;Gates;0;;;;;
68466;Gates;0;;;;;
68800;Gates;0;;;;;
68358;Gates;0;;;;;
68426;Gates;0;;;;;
58362;Gates;0;;;;;
58430;Gates;0;;;;;
58351;Gates;0;;;;;
68423;Gates;0;;;;;
 58339XS;Gates;0;;;;;
78413;Gates;0;;;;;
38333;Gates;0;;;;;
38348;Gates;0;;;;;
58353;Gates;0;;;;;
38362;Gates;0;;;;;
38372;Gates;0;;;;;
48337;Gates;0;;;;;
48382;Gates;0;;;;;
68463;Gates;0;;;;;
68365;Gates;0;;;;;
68382;Gates;0;;;;;
68384;Gates;0;;;;;
68465;Gates;0;;;;;
68473;Gates;0;;;;;
78388;Gates;0;;;;;
38342;Gates;0;;;;;
68418;Gates;0;;;;;
38351;Gates;0;;;;;
68808;Gates;0;;;;;
 68804XS;Gates;0;;;;;
 ÊÎ30267;Gates;0;;;;;
78397;Gates;0;;;;;
68359;Gates;0;;;;;
58350;Gates;0;;;;;
 68394D;Gates;0;;;;;
68398;Gates;0;;;;;
68415;Gates;0;;;;;
38335;Gates;0;;;;;
38349;Gates;0;;;;;
48346;Gates;0;;;;;
68425;Gates;0;;;;;
48383;Gates;0;;;;;
48404;Gates;0;;;;;
68801;Gates;0;;;;;
48369;Gates;0;;;;;
68442;Gates;0;;;;;
 ÊÎ60960;Gates;0;;;;;
68462;Gates;0;;;;;
68483;Gates;0;;;;;
68462;Gates;0;;;;;
68424;Gates;0;;;;;
68482;Gates;0;;;;;
 88454ÅS;Gates;0;;;;;
68483;Gates;0;;;;;
58394;Gates;0;;;;;
68345;Gates;0;;;;;
58395;Gates;0;;;;;
68811;Gates;0;;;;;
68357;Gates;0;;;;;
78394D;Gates;0;;;;;
58387;Gates;0;;;;;
68437;Gates;0;;;;;
68363;Gates;0;;;;;
68446;Gates;0;;;;;
88480;Gates;0;;;;;
58353;Gates;0;;;;;
78441;Gates;0;;;;;
68436;Gates;0;;;;;
68391;Gates;0;;;;;
68436;Gates;0;;;;;
68379;Gates;0;;;;;
6208MC ;Gates;0;;;;;
68411;Gates;0;;;;;
68429;Gates;0;;;;;
68453;Gates;0;;;;;
38350;Gates;0;;;;;
 6267MC ;Gates;0;;;;;
48355;Gates;0;;;;;
48362;Gates;0;;;;;
58381;Gates;0;;;;;
 68381D;Gates;0;;;;;
 6267MC ;Gates;0;;;;;
68476;Gates;0;;;;;
38335;Gates;0;;;;;
68466;Gates;0;;;;;
38344;Gates;0;;;;;
38346;Gates;0;;;;;
38353;Gates;0;;;;;
48358;Gates;0;;;;;
48365;Gates;0;;;;;
48384;Gates;0;;;;;
48406;Gates;0;;;;;
48341;Gates;0;;;;;
48348;Gates;0;;;;;
48360;Gates;0;;;;;
48361;Gates;0;;;;;
48370;Gates;0;;;;;
48347;Gates;0;;;;;
48350;Gates;0;;;;;
48351;Gates;0;;;;;
48352;Gates;0;;;;;
48353;Gates;0;;;;;
48356;Gates;0;;;;;
48359;Gates;0;;;;;
48363;Gates;0;;;;;
48363;Gates;0;;;;;
48364;Gates;0;;;;;
58388;Gates;0;;;;;
58373;Gates;0;;;;;
58366;Gates;0;;;;;
58369;Gates;0;;;;;
58372;Gates;0;;;;;
58374;Gates;0;;;;;
58378;Gates;0;;;;;
58385;Gates;0;;;;;
58386;Gates;0;;;;;
58391;Gates;0;;;;;
58412;Gates;0;;;;;
58423;Gates;0;;;;;
58428;Gates;0;;;;;
58436;Gates;0;;;;;
58331;Gates;0;;;;;
58356;Gates;0;;;;;
58362;Gates;0;;;;;
58367;Gates;0;;;;;
58375;Gates;0;;;;;
58382;Gates;0;;;;;
58383;Gates;0;;;;;
58385;Gates;0;;;;;
58393;Gates;0;;;;;
58396;Gates;0;;;;;
58354;Gates;0;;;;;
68413;Gates;0;;;;;
68414;Gates;0;;;;;
68463;Gates;0;;;;;
68370;Gates;0;;;;;
68449;Gates;0;;;;;
68447;Gates;0;;;;;
68380;Gates;0;;;;;
68385;Gates;0;;;;;
68388;Gates;0;;;;;
68402;Gates;0;;;;;
68408;Gates;0;;;;;
68409;Gates;0;;;;;
68418;Gates;0;;;;;
68422;Gates;0;;;;;
68430;Gates;0;;;;;
68434;Gates;0;;;;;
68808;Gates;0;;;;;
68439;Gates;0;;;;;
68443;Gates;0;;;;;
68455;Gates;0;;;;;
68487;Gates;0;;;;;
68344;Gates;0;;;;;
68345;Gates;0;;;;;
68350;Gates;0;;;;;
68353;Gates;0;;;;;
68359;Gates;0;;;;;
68368;Gates;0;;;;;
68373;Gates;0;;;;;
68377;Gates;0;;;;;
68378;Gates;0;;;;;
68382;Gates;0;;;;;
68419;Gates;0;;;;;
68425;Gates;0;;;;;
68427;Gates;0;;;;;
68432;Gates;0;;;;;
68435;Gates;0;;;;;
68457;Gates;0;;;;;
68801;Gates;0;;;;;
68461;Gates;0;;;;;
68462;Gates;0;;;;;
68478;Gates;0;;;;;
68481;Gates;0;;;;;
68817;Gates;0;;;;;
68357;Gates;0;;;;;
68361;Gates;0;;;;;
 78394D;Gates;0;;;;;
78415;Gates;0;;;;;
78812;Gates;0;;;;;
88480;Gates;0;;;;;
88482;Gates;0;;;;;
 6461MC;Gates;0;;;;;
 6234MC;Gates;0;;;;;
 6283MC;Gates;0;;;;;
6276MC;Gates;0;;;;;
 6262MC;Gates;0;;;;;
 6264MC;Gates;0;;;;;
 6287MC;Gates;0;;;;;
 6264MC;Gates;0;;;;;
6217MC;Gates;0;;;;;
6259MC;Gates;0;;;;;
6208MC;Gates;0;;;;;
58364;Gates;0;;;;;
 Ò38151;Gates;0;;;;;
 Ò38154;Gates;0;;;;;
 Ò42041;Gates;0;;;;;
 Ò41101;Gates;0;;;;;
 Ò42042;Gates;0;;;;;
90410981;General Motors;0;;;;;
90111242;General Motors;0;;;;;
96182975;General Motors;0;;;;;
611557;General Motors;0;;;;;
2;General Motors;0;;;;;
3476555;General Motors;0;;;;;
3487487;General Motors;0;;;;;
3488967;General Motors;0;;;;;
3492007;General Motors;0;;;;;
5973823;General Motors;0;;;;;
16518608;General Motors;0;;;;;
210560;General Motors;0;;;;;
33310À78Â00-000;General Motors;0;;;;;
33324À78Â00-000;General Motors;0;;;;;
530280;General Motors;0;;;;;
54825-22000;General Motors;0;;;;;
90121753;General Motors;0;;;;;
90225716;General Motors;0;;;;;
90244506;General Motors;0;;;;;
90248330;General Motors;0;;;;;
90335781;General Motors;0;;;;;
92062876;General Motors;0;;;;;
93740532;General Motors;0;;;;;
94525045;General Motors;0;;;;;
94525077;General Motors;0;;;;;
94530372;General Motors;0;;;;;
94535166;General Motors;0;;;;;
94580501;General Motors;0;;;;;
96143859;General Motors;0;;;;;
96163411;General Motors;0;;;;;
96164804;General Motors;0;;;;;
96168688;General Motors;0;;;;;
96175950;General Motors;0;;;;;
96176232;General Motors;0;;;;;
96177477;General Motors;0;;;;;
96180642;General Motors;0;;;;;
96189841;General Motors;0;;;;;
96209562;General Motors;0;;;;;
96222500;General Motors;0;;;;;
96229491;General Motors;0;;;;;
96562784;General Motors;0;;;;;
N60003D;General Motors;0;;;;;
S6460005;General Motors;0;;;;;
S6460006;General Motors;0;;;;;
ÒÍ635;General Motors;0;;;;;
96182975;General Motors;0;;;;;
96184046;General Motors;0;;;;;
611557;General Motors;0;;;;;
17120683;General Motors;0;;;;;
101134;Hanse;0;;;;;
101132;Hanse;0;;;;;
HR 891 011;Hanse;0;;;;;
HR 891 012;Hanse;0;;;;;
HR 892 034;Hanse;0;;;;;
HR 891 025;Hanse;0;;;;;
HR 892 029;Hanse;0;;;;;
HR 892 028;Hanse;0;;;;;
HR 501 004;Hanse;0;;;;;
HR 501 005;Hanse;0;;;;;
HR 501 019;Hanse;0;;;;;
HR 092 003;Hanse;0;;;;;
HR 092 008;Hanse;0;;;;;
HR 092 005;Hanse;0;;;;;
HR 201 005-2;Hanse;0;;;;;
ÍÀ 500001;Hanse;0;;;;;
HR 201 102;Hanse;0;;;;;
HR 201 132;Hanse;0;;;;;
HR 101 050;Hanse;0;;;;;
HR 301 052;Hanse;0;;;;;
HR 301 050;Hanse;0;;;;;
ÍÍ 012 101;Hanse;0;;;;;
ÍÍ 012 103;Hanse;0;;;;;
ÍÍ 012 106;Hanse;0;;;;;
ÍÍ 032 101;Hanse;0;;;;;
ÍÍ 011 105;Hanse;0;;;;;
ÍÍ 031 103;Hanse;0;;;;;
 571346J;JURID;0;;;;;
571346J;JURID;0;;;;;
571435;JURID;0;;;;;
 571962J-AS;JURID;0;;;;;
 571317D;JURID;0;;;;;
 571915J;JURID;0;;;;;
571562J-AS;JURID;0;;;;;
 361266J;JURID;0;;;;;
 571478J;JURID;0;;;;;
 571408J;JURID;0;;;;;
 571855J;JURID;0;;;;;
 572264J (572265);JURID;0;;;;;
 571877J;JURID;0;;;;;
 571493J;JURID;0;;;;;
 571832J;JURID;0;;;;;
 571832J;JURID;0;;;;;
571435;JURID;0;;;;;
 571828 D;JURID;0;;;;;
 571317D;JURID;0;;;;;
 571945J-AS;JURID;0;;;;;
 571351J;JURID;0;;;;;
 571876J-AS;JURID;0;;;;;
 571833D;JURID;0;;;;;
 571462J;JURID;0;;;;;
 571413J-AS;JURID;0;;;;;
 571873J-AS;JURID;0;;;;;
 571413J;JURID;0;;;;;
 571873J-AS;JURID;0;;;;;
571391D;JURID;0;;;;;
 571477J-AS;JURID;0;;;;;
 571492D;JURID;0;;;;;
 571493J;JURID;0;;;;;
 571522J;JURID;0;;;;;
 571832J;JURID;0;;;;;
571832D;JURID;0;;;;;
 571828 D;JURID;0;;;;;
 571876J-AS;JURID;0;;;;;
 571945J-AS;JURID;0;;;;;
 571906J;JURID;0;;;;;
 571376J;JURID;0;;;;;
 571382J;JURID;0;;;;;
 571945J;JURID;0;;;;;
571944J-AS;JURID;0;;;;;
 571873J;JURID;0;;;;;
430 ìì;KIOKI;0;;;;;
5610007;KONSTAIN;0;;;;;
5610013;KONSTAIN;0;;;;;
5610014;KONSTAIN;0;;;;;
5610016;KONSTAIN;0;;;;;
5610020;KONSTAIN;0;;;;;
5610025;KONSTAIN;0;;;;;
5610039;KONSTAIN;0;;;;;
5610051;KONSTAIN;0;;;;;
5610052;KONSTAIN;0;;;;;
5610057;KONSTAIN;0;;;;;
5610059;KONSTAIN;0;;;;;
5610061;KONSTAIN;0;;;;;
5610062;KONSTAIN;0;;;;;
5610063;KONSTAIN;0;;;;;
5610065;KONSTAIN;0;;;;;
5610067;KONSTAIN;0;;;;;
5610070;KONSTAIN;0;;;;;
5610078;KONSTAIN;0;;;;;
5610081;KONSTAIN;0;;;;;
5610083;KONSTAIN;0;;;;;
5610084;KONSTAIN;0;;;;;
5610086;KONSTAIN;0;;;;;
5610089;KONSTAIN;0;;;;;
5610090;KONSTAIN;0;;;;;
5610096;KONSTAIN;0;;;;;
5610099;KONSTAIN;0;;;;;
5610102;KONSTAIN;0;;;;;
5610103;KONSTAIN;0;;;;;
5610104;KONSTAIN;0;;;;;
5610111;KONSTAIN;0;;;;;
5610113;KONSTAIN;0;;;;;
5610114;KONSTAIN;0;;;;;
5610117;KONSTAIN;0;;;;;
5610120;KONSTAIN;0;;;;;
5610122;KONSTAIN;0;;;;;
5610124;KONSTAIN;0;;;;;
5610125;KONSTAIN;0;;;;;
5610127;KONSTAIN;0;;;;;
5610130;KONSTAIN;0;;;;;
5610131;KONSTAIN;0;;;;;
5610132;KONSTAIN;0;;;;;
5610133;KONSTAIN;0;;;;;
5610140;KONSTAIN;0;;;;;
5610147;KONSTAIN;0;;;;;
5610151;KONSTAIN;0;;;;;
5610163;KONSTAIN;0;;;;;
5610164;KONSTAIN;0;;;;;
5610187;KONSTAIN;0;;;;;
5610193;KONSTAIN;0;;;;;
5610194;KONSTAIN;0;;;;;
5610204;KONSTAIN;0;;;;;
5610211;KONSTAIN;0;;;;;
5610212;KONSTAIN;0;;;;;
5610218;KONSTAIN;0;;;;;
5610221;KONSTAIN;0;;;;;
5610222;KONSTAIN;0;;;;;
5610230;KONSTAIN;0;;;;;
5610231;KONSTAIN;0;;;;;
5610233;KONSTAIN;0;;;;;
5610257;KONSTAIN;0;;;;;
5610268;KONSTAIN;0;;;;;
5610270;KONSTAIN;0;;;;;
5610297;KONSTAIN;0;;;;;
5610298;KONSTAIN;0;;;;;
5610300;KONSTAIN;0;;;;;
5610302;KONSTAIN;0;;;;;
5610325;KONSTAIN;0;;;;;
5610335;KONSTAIN;0;;;;;
5610337;KONSTAIN;0;;;;;
5610429;KONSTAIN;0;;;;;
5610444;KONSTAIN;0;;;;;
5610456;KONSTAIN;0;;;;;
5610501;KONSTAIN;0;;;;;
5610505;KONSTAIN;0;;;;;
5611420;KONSTAIN;0;;;;;
3501075;K-TECH;0;;;;;
334220;KAYABA;0;;;;;
341207;KAYABA;0;;;;;
341907;KAYABA;0;;;;;
343099;KAYABA;0;;;;;
343281;KAYABA;0;;;;;
343290;KAYABA;0;;;;;
343291;KAYABA;0;;;;;
343301;KAYABA;0;;;;;
343310;KAYABA;0;;;;;
344279;KAYABA;0;;;;;
344441;KAYABA;0;;;;;
444266;KAYABA;0;;;;;
444267;KAYABA;0;;;;;
553198;KAYABA;0;;;;;
1027201;Lemforder;0;;;;;
1111801;Lemforder;0;;;;;
1062101;Lemforder;0;;;;;
1994601;Lemforder;0;;;;;
1464001;Lemforder;0;;;;;
1778702;Lemforder;0;;;;;
1163502;Lemforder;0;;;;;
1217201;Lemforder;0;;;;;
1007802;Lemforder;0;;;;;
1439301;Lemforder;0;;;;;
849242005;Lemforder;0;;;;;
1111601;Lemforder;0;;;;;
617001167;Lemforder;0;;;;;
25115019534;Lemforder;0;;;;;
25115020534;Lemforder;0;;;;;
1434101;Lemforder;0;;;;;
1216301;Lemforder;0;;;;;
1367601;Lemforder;0;;;;;
1367701;Lemforder;0;;;;;
1019601;Lemforder;0;;;;;
1022201;Lemforder;0;;;;;
1331101;Lemforder;0;;;;;
1938701;Lemforder;0;;;;;
302040;Gkn-Loebro;0;;;;;
302040;Gkn-Loebro;0;;;;;
 U-040;Gkn-Loebro;0;;;;;
 SS-20;Gkn-Loebro;0;;;;;
300320;Gkn-Loebro;0;;;;;
300319;Gkn-Loebro;0;;;;;
300382;Gkn-Loebro;0;;;;;
300374;Gkn-Loebro;0;;;;;
300149;Gkn-Loebro;0;;;;;
300354;Gkn-Loebro;0;;;;;
300145;Gkn-Loebro;0;;;;;
300543;Gkn-Loebro;0;;;;;
302750;Gkn-Loebro;0;;;;;
LX 593;Knecht/Mahle;0;;;;;
 LX 823;Knecht/Mahle;0;;;;;
 LX 593;Knecht/Mahle;0;;;;;
 LX 794;Knecht/Mahle;0;;;;;
 LX 804;Knecht/Mahle;0;;;;;
 LX 46;Knecht/Mahle;0;;;;;
 LX 97;Knecht/Mahle;0;;;;;
 LX 925;Knecht/Mahle;0;;;;;
 LX 688;Knecht/Mahle;0;;;;;
 LX 978;Knecht/Mahle;0;;;;;
 LX 642;Knecht/Mahle;0;;;;;
 LX 935;Knecht/Mahle;0;;;;;
 LX 691;Knecht/Mahle;0;;;;;
 LX 920;Knecht/Mahle;0;;;;;
 LX 618;Knecht/Mahle;0;;;;;
 LX 673;Knecht/Mahle;0;;;;;
 LX 671;Knecht/Mahle;0;;;;;
 LX 591;Knecht/Mahle;0;;;;;
 LX 791;Knecht/Mahle;0;;;;;
 LX 591;Knecht/Mahle;0;;;;;
 LX 332;Knecht/Mahle;0;;;;;
 LX 673;Knecht/Mahle;0;;;;;
 LX 16;Knecht/Mahle;0;;;;;
 LX 504;Knecht/Mahle;0;;;;;
 LX 643;Knecht/Mahle;0;;;;;
 LX 733;Knecht/Mahle;0;;;;;
 LX 314;Knecht/Mahle;0;;;;;
 LX 642;Knecht/Mahle;0;;;;;
 LX 866;Knecht/Mahle;0;;;;;
 LX 643;Knecht/Mahle;0;;;;;
 LX 579;Knecht/Mahle;0;;;;;
 LX 617;Knecht/Mahle;0;;;;;
 LX 443;Knecht/Mahle;0;;;;;
 LX 1022;Knecht/Mahle;0;;;;;
 LX 844;Knecht/Mahle;0;;;;;
 LX 422;Knecht/Mahle;0;;;;;
 LX 16;Knecht/Mahle;0;;;;;
 LX 752;Knecht/Mahle;0;;;;;
 ÎÑ 97;Knecht/Mahle;0;;;;;
 LX 670;Knecht/Mahle;0;;;;;
 LX 684;Knecht/Mahle;0;;;;;
 LX 591;Knecht/Mahle;0;;;;;
 LX 330;Knecht/Mahle;0;;;;;
 LX 686;Knecht/Mahle;0;;;;;
 LX 946;Knecht/Mahle;0;;;;;
 LX 109;Knecht/Mahle;0;;;;;
 LX 290;Knecht/Mahle;0;;;;;
 ÎX 166 D;Knecht/Mahle;0;;;;;
 LX 836;Knecht/Mahle;0;;;;;
 LX 183;Knecht/Mahle;0;;;;;
 LX 1566;Knecht/Mahle;0;;;;;
 ÎÑ 66;Knecht/Mahle;0;;;;;
 ÎX 166 D;Knecht/Mahle;0;;;;;
 LX 523;Knecht/Mahle;0;;;;;
 LX 542;Knecht/Mahle;0;;;;;
 LX 469;Knecht/Mahle;0;;;;;
 ÎÑ 261;Knecht/Mahle;0;;;;;
 LX 583;Knecht/Mahle;0;;;;;
 ÎX 160 D;Knecht/Mahle;0;;;;;
 ÎX 135;Knecht/Mahle;0;;;;;
ÎX 153 D2;Knecht/Mahle;0;;;;;
 HX 48;Knecht/Mahle;0;;;;;
ÎX 164 D;Knecht/Mahle;0;;;;;
 ÎÑ 97;Knecht/Mahle;0;;;;;
ÎX 145;Knecht/Mahle;0;;;;;
 ÎÑ 21;Knecht/Mahle;0;;;;;
 ÎÑ 141;Knecht/Mahle;0;;;;;
 ÎX 203 D;Knecht/Mahle;0;;;;;
 ÎÑ 114;Knecht/Mahle;0;;;;;
 ÎÑ 33;Knecht/Mahle;0;;;;;
 ÎÑ 231;Knecht/Mahle;0;;;;;
 ÎÑ 66;Knecht/Mahle;0;;;;;
ÎX 68 D;Knecht/Mahle;0;;;;;
 ÎÑ 261;Knecht/Mahle;0;;;;;
 ÎX 38 D;Knecht/Mahle;0;;;;;
 ÎÑ 230;Knecht/Mahle;0;;;;;
 ÎÑ 203;Knecht/Mahle;0;;;;;
 ÎÑ 108;Knecht/Mahle;0;;;;;
 ÎÑ 256;Knecht/Mahle;0;;;;;
 ÎÑ 232;Knecht/Mahle;0;;;;;
 ÎÑ 485;Knecht/Mahle;0;;;;;
 ÎÑ 136 ;Knecht/Mahle;0;;;;;
 ÎÑ 257;Knecht/Mahle;0;;;;;
 ÎÑ 102;Knecht/Mahle;0;;;;;
ÎX 258;Knecht/Mahle;0;;;;;
 LA 21;Knecht/Mahle;0;;;;;
 LAK 81;Knecht/Mahle;0;;;;;
 LA 83;Knecht/Mahle;0;;;;;
 LAK 63;Knecht/Mahle;0;;;;;
 LA 36;Knecht/Mahle;0;;;;;
 LA 24;Knecht/Mahle;0;;;;;
LA 12;Knecht/Mahle;0;;;;;
 LA 51;Knecht/Mahle;0;;;;;
 LA 24;Knecht/Mahle;0;;;;;
 LA 120;Knecht/Mahle;0;;;;;
 LAK 117;Knecht/Mahle;0;;;;;
 LA 36;Knecht/Mahle;0;;;;;
 LA 46;Knecht/Mahle;0;;;;;
KL 179;Knecht/Mahle;0;;;;;
 LAK 46;Knecht/Mahle;0;;;;;
 KL 147 D;Knecht/Mahle;0;;;;;
 KL 160;Knecht/Mahle;0;;;;;
 KL 179;Knecht/Mahle;0;;;;;
 KL 111;Knecht/Mahle;0;;;;;
 KL 38;Knecht/Mahle;0;;;;;
KL 133;Knecht/Mahle;0;;;;;
 KC 90;Knecht/Mahle;0;;;;;
 KL 173;Knecht/Mahle;0;;;;;
 KC 82;Knecht/Mahle;0;;;;;
 KL 28;Knecht/Mahle;0;;;;;
 KC 18;Knecht/Mahle;0;;;;;
 KC 18;Knecht/Mahle;0;;;;;
 KL 36;Knecht/Mahle;0;;;;;
 KL 38;Knecht/Mahle;0;;;;;
 KL 5;Knecht/Mahle;0;;;;;
 KL 29;Knecht/Mahle;0;;;;;
 KL 9;Knecht/Mahle;0;;;;;
 KL 154;Knecht/Mahle;0;;;;;
 KL 9;Knecht/Mahle;0;;;;;
 KL 174;Knecht/Mahle;0;;;;;
 KL 100;Knecht/Mahle;0;;;;;
 KL 87;Knecht/Mahle;0;;;;;
 ÊL 167;Knecht/Mahle;0;;;;;
 ÊL 246;Knecht/Mahle;0;;;;;
 ÊL 247;Knecht/Mahle;0;;;;;
 ÊÕ 78 D;Knecht/Mahle;0;;;;;
 KL 140;Knecht/Mahle;0;;;;;
 KL 130;Knecht/Mahle;0;;;;;
 KL 149;Knecht/Mahle;0;;;;;
 KL 29;Knecht/Mahle;0;;;;;
 KL 202;Knecht/Mahle;0;;;;;
 KL 172;Knecht/Mahle;0;;;;;
 KC 18;Knecht/Mahle;0;;;;;
 KC 109;Knecht/Mahle;0;;;;;
 KL 60;Knecht/Mahle;0;;;;;
4481001;Knecht/Mahle;0;;;;;
4481800;Knecht/Mahle;0;;;;;
 Ñ 2559;MANN+Hummel;0;;;;;
 Ñ 3594;MANN+Hummel;0;;;;;
Ñ 2326;MANN+Hummel;0;;;;;
 Ñ 2159;MANN+Hummel;0;;;;;
Ñ 1882;MANN+Hummel;0;;;;;
Ñ 2256;MANN+Hummel;0;;;;;
 Ñ 2666;MANN+Hummel;0;;;;;
Ñ 2686;MANN+Hummel;0;;;;;
 Ñ 28214;MANN+Hummel;0;;;;;
 Ñ 29198;MANN+Hummel;0;;;;;
 Ñ 33130;MANN+Hummel;0;;;;;
 Ñ 40107;MANN+Hummel;0;;;;;
 Ñ 1882;MANN+Hummel;0;;;;;
 Ñ 41173;MANN+Hummel;0;;;;;
 Ñ 31195;MANN+Hummel;0;;;;;
 Ñ 2852;MANN+Hummel;0;;;;;
 Ñ 2852;MANN+Hummel;0;;;;;
 Ñ 25114;MANN+Hummel;0;;;;;
 Ñ 25114;MANN+Hummel;0;;;;;
 Ñ 14177;MANN+Hummel;0;;;;;
Ñ 34175;MANN+Hummel;0;;;;;
 Ñ 30195;MANN+Hummel;0;;;;;
 Ñ 1882;MANN+Hummel;0;;;;;
 Ñ 2443;MANN+Hummel;0;;;;;
 Ñ 34175;MANN+Hummel;0;;;;;
 Ñ 34116;MANN+Hummel;0;;;;;
 Ñ 17137;MANN+Hummel;0;;;;;
 Ñ 31144;MANN+Hummel;0;;;;;
 Ñ 3284;MANN+Hummel;0;;;;;
 Ñ 37148;MANN+Hummel;0;;;;;
 Ñ 2667;MANN+Hummel;0;;;;;
 Ñ 31116;MANN+Hummel;0;;;;;
 Ñ 2598;MANN+Hummel;0;;;;;
Ñ 2329;MANN+Hummel;0;;;;;
 Ñ 17137;MANN+Hummel;0;;;;;
Ñ 34116;MANN+Hummel;0;;;;;
 Ñ 3233;MANN+Hummel;0;;;;;
 Ñ 2443;MANN+Hummel;0;;;;;
 Ñ 26168;MANN+Hummel;0;;;;;
 WÐ 1045;MANN+Hummel;0;;;;;
 W719;MANN+Hummel;0;;;;;
712;MANN+Hummel;0;;;;;
 ÌW68;MANN+Hummel;0;;;;;
 ÌÍ64 Õ;MANN+Hummel;0;;;;;
 ÌW810;MANN+Hummel;0;;;;;
 W1323;MANN+Hummel;0;;;;;
 MW 811;MANN+Hummel;0;;;;;
 W 930;MANN+Hummel;0;;;;;
 W 920;MANN+Hummel;0;;;;;
 HU 951õ;MANN+Hummel;0;;;;;
 HU 718;MANN+Hummel;0;;;;;
 W 950;MANN+Hummel;0;;;;;
 HU 715;MANN+Hummel;0;;;;;
 W 830;MANN+Hummel;0;;;;;
 W 719;MANN+Hummel;0;;;;;
 W 830;MANN+Hummel;0;;;;;
 W 719;MANN+Hummel;0;;;;;
 W 818;MANN+Hummel;0;;;;;
 HU 718;MANN+Hummel;0;;;;;
 HU 930;MANN+Hummel;0;;;;;
 HU 726;MANN+Hummel;0;;;;;
 W 818;MANN+Hummel;0;;;;;
 W 818;MANN+Hummel;0;;;;;
 W 914;MANN+Hummel;0;;;;;
 HU 722 Z;MANN+Hummel;0;;;;;
 HU 719;MANN+Hummel;0;;;;;
 W 719;MANN+Hummel;0;;;;;
 W6201;MANN+Hummel;0;;;;;
 MW 811;MANN+Hummel;0;;;;;
 HU 611;MANN+Hummel;0;;;;;
 HU 711Õ;MANN+Hummel;0;;;;;
 W 920;MANN+Hummel;0;;;;;
 HU 718;MANN+Hummel;0;;;;;
 W814;MANN+Hummel;0;;;;;
 HU 719;MANN+Hummel;0;;;;;
 W 917;MANN+Hummel;0;;;;;
 W 712;MANN+Hummel;0;;;;;
 W 712;MANN+Hummel;0;;;;;
 HU 719;MANN+Hummel;0;;;;;
 CUÊ3567;MANN+Hummel;0;;;;;
 HU 712;MANN+Hummel;0;;;;;
 W 712;MANN+Hummel;0;;;;;
 W 914;MANN+Hummel;0;;;;;
 W 811;MANN+Hummel;0;;;;;
 HU 925;MANN+Hummel;0;;;;;
 W 712;MANN+Hummel;0;;;;;
 W 716;MANN+Hummel;0;;;;;
 W 75;MANN+Hummel;0;;;;;
 W814;MANN+Hummel;0;;;;;
 W 68;MANN+Hummel;0;;;;;
 W 712;MANN+Hummel;0;;;;;
 W 610;MANN+Hummel;0;;;;;
 HU 612;MANN+Hummel;0;;;;;
 HU 727;MANN+Hummel;0;;;;;
 ÌW68;MANN+Hummel;0;;;;;
 W 67;MANN+Hummel;0;;;;;
 W 930;MANN+Hummel;0;;;;;
 W 610;MANN+Hummel;0;;;;;
 W 610;MANN+Hummel;0;;;;;
 CU2043;MANN+Hummel;0;;;;;
 CUK3192;MANN+Hummel;0;;;;;
 CU1738;MANN+Hummel;0;;;;;
 CU4251;MANN+Hummel;0;;;;;
CUK6724;MANN+Hummel;0;;;;;
 CU2897;MANN+Hummel;0;;;;;
 CU3855;MANN+Hummel;0;;;;;
CUÊ3567;MANN+Hummel;0;;;;;
 CU3023;MANN+Hummel;0;;;;;
 CU3955;MANN+Hummel;0;;;;;
 CU4151;MANN+Hummel;0;;;;;
 CU2440;MANN+Hummel;0;;;;;
 CUK3037;MANN+Hummel;0;;;;;
 WK 612;MANN+Hummel;0;;;;;
WK 614;MANN+Hummel;0;;;;;
 WK 845;MANN+Hummel;0;;;;;
 WK 612;MANN+Hummel;0;;;;;
 WK 614;MANN+Hummel;0;;;;;
 WK 614;MANN+Hummel;0;;;;;
 WK 614;MANN+Hummel;0;;;;;
 WK 66;MANN+Hummel;0;;;;;
 WK 853;MANN+Hummel;0;;;;;
 CUÊ3567;MANN+Hummel;0;;;;;
 WK 79;MANN+Hummel;0;;;;;
 WK 845;MANN+Hummel;0;;;;;
WK 76;MANN+Hummel;0;;;;;
WK 614;MANN+Hummel;0;;;;;
 WK 853;MANN+Hummel;0;;;;;
 WK 613;MANN+Hummel;0;;;;;
 WK 831;MANN+Hummel;0;;;;;
 WK 842;MANN+Hummel;0;;;;;
 WK 842;MANN+Hummel;0;;;;;
 WK 834;MANN+Hummel;0;;;;;
 WK 516;MANN+Hummel;0;;;;;
 WK 612;MANN+Hummel;0;;;;;
 WK 842;MANN+Hummel;0;;;;;
 WK 830;MANN+Hummel;0;;;;;
 WK 532;MANN+Hummel;0;;;;;
 WK 614;MANN+Hummel;0;;;;;
 WK 720;MANN+Hummel;0;;;;;
 WK 842;MANN+Hummel;0;;;;;
 WK 614;MANN+Hummel;0;;;;;
 WK 820;MANN+Hummel;0;;;;;
WK 720;MANN+Hummel;0;;;;;
 WK 614;MANN+Hummel;0;;;;;
 LS-110;NGK;0;;;;;
 LS-108;NGK;0;;;;;
 LS-117;NGK;0;;;;;
 LS-118;NGK;0;;;;;
 RC-PG614;NGK;0;;;;;
1048;NGK;0;;;;;
1095;NGK;0;;;;;
1263;NGK;0;;;;;
1265;NGK;0;;;;;
1275;NGK;0;;;;;
2023;NGK;0;;;;;
2078;NGK;0;;;;;
2086;NGK;0;;;;;
2087;NGK;0;;;;;
2288;NGK;0;;;;;
2330;NGK;0;;;;;
2382;NGK;0;;;;;
2397;NGK;0;;;;;
2411;NGK;0;;;;;
2412;NGK;0;;;;;
2460;NGK;0;;;;;
2467;NGK;0;;;;;
2526;NGK;0;;;;;
2611;NGK;0;;;;;
2743;NGK;0;;;;;
2756;NGK;0;;;;;
2789;NGK;0;;;;;
2848;NGK;0;;;;;
2872;NGK;0;;;;;
2890;NGK;0;;;;;
2922;NGK;0;;;;;
2983;NGK;0;;;;;
3035;NGK;0;;;;;
3116;NGK;0;;;;;
3172;NGK;0;;;;;
3199;NGK;0;;;;;
3212;NGK;0;;;;;
3437;NGK;0;;;;;
3440;NGK;0;;;;;
3452;NGK;0;;;;;
3526;NGK;0;;;;;
3566;NGK;0;;;;;
3584;NGK;0;;;;;
3783;NGK;0;;;;;
3784;NGK;0;;;;;
3812;NGK;0;;;;;
3923;NGK;0;;;;;
3933;NGK;0;;;;;
3961;NGK;0;;;;;
3967;NGK;0;;;;;
3981;NGK;0;;;;;
4014;NGK;0;;;;;
4073;NGK;0;;;;;
4080;NGK;0;;;;;
4122;NGK;0;;;;;
4228;NGK;0;;;;;
4288;NGK;0;;;;;
4291;NGK;0;;;;;
4296;NGK;0;;;;;
4424;NGK;0;;;;;
4477;NGK;0;;;;;
4511;NGK;0;;;;;
4549;NGK;0;;;;;
4589;NGK;0;;;;;
4619;NGK;0;;;;;
4685;NGK;0;;;;;
4696;NGK;0;;;;;
4824;NGK;0;;;;;
4853;NGK;0;;;;;
4919;NGK;0;;;;;
4929;NGK;0;;;;;
4930;NGK;0;;;;;
4948;NGK;0;;;;;
5111;NGK;0;;;;;
5129;NGK;0;;;;;
5329;NGK;0;;;;;
5344;NGK;0;;;;;
5423;NGK;0;;;;;
5553;NGK;0;;;;;
5555;NGK;0;;;;;
5585;NGK;0;;;;;
5666;NGK;0;;;;;
5685;NGK;0;;;;;
5757;NGK;0;;;;;
5839;NGK;0;;;;;
5843;NGK;0;;;;;
5860;NGK;0;;;;;
6263;NGK;0;;;;;
6427;NGK;0;;;;;
6437;NGK;0;;;;;
6458;NGK;0;;;;;
6511;NGK;0;;;;;
6607;NGK;0;;;;;
6677;NGK;0;;;;;
6837;NGK;0;;;;;
6953;NGK;0;;;;;
6962;NGK;0;;;;;
7022;NGK;0;;;;;
7113;NGK;0;;;;;
7121;NGK;0;;;;;
7162;NGK;0;;;;;
7264;NGK;0;;;;;
7340;NGK;0;;;;;
7496;NGK;0;;;;;
7502;NGK;0;;;;;
7553;NGK;0;;;;;
7569;NGK;0;;;;;
7811;NGK;0;;;;;
7822;NGK;0;;;;;
7873;NGK;0;;;;;
7956;NGK;0;;;;;
7963;NGK;0;;;;;
7968;NGK;0;;;;;
7994;NGK;0;;;;;
7998;NGK;0;;;;;
2189;NGK;0;;;;;
4182;NGK;0;;;;;
VL1;NGK;0;;;;;
VL10;NGK;0;;;;;
VL11;NGK;0;;;;;
VL12;NGK;0;;;;;
VL13;NGK;0;;;;;
VL14;NGK;0;;;;;
VL15;NGK;0;;;;;
VL16;NGK;0;;;;;
VL17;NGK;0;;;;;
VL18;NGK;0;;;;;
VL19;NGK;0;;;;;
VL20;NGK;0;;;;;
VL21;NGK;0;;;;;
VL22;NGK;0;;;;;
VL23;NGK;0;;;;;
VL24;NGK;0;;;;;
VL25;NGK;0;;;;;
VL26;NGK;0;;;;;
VL27;NGK;0;;;;;
VL28;NGK;0;;;;;
VL29;NGK;0;;;;;
VL3;NGK;0;;;;;
VL30;NGK;0;;;;;
VL31;NGK;0;;;;;
VL32;NGK;0;;;;;
VL33;NGK;0;;;;;
VL34;NGK;0;;;;;
VL4;NGK;0;;;;;
VL5;NGK;0;;;;;
VL6;NGK;0;;;;;
VL7;NGK;0;;;;;
VL8;NGK;0;;;;;
VL9;NGK;0;;;;;
4003;SENTECH;0;;;;;
4111;SENTECH;0;;;;;
7222;SENTECH;0;;;;;
7216;SENTECH;0;;;;;
4201;SENTECH;0;;;;;
4203;SENTECH;0;;;;;
8333;SENTECH;0;;;;;
8137;SENTECH;0;;;;;
8137;SENTECH;0;;;;;
8138;SENTECH;0;;;;;
8108;SENTECH;0;;;;;
8107;SENTECH;0;;;;;
8330;SENTECH;0;;;;;
8084;SENTECH;0;;;;;
8086;SENTECH;0;;;;;
8089;SENTECH;0;;;;;
8105;SENTECH;0;;;;;
8088;SENTECH;0;;;;;
8209;SENTECH;0;;;;;
8258;SENTECH;0;;;;;
8307;SENTECH;0;;;;;
 S317;SENTECH;0;;;;;
8403;SENTECH;0;;;;;
8399;SENTECH;0;;;;;
8387;SENTECH;0;;;;;
8177;SENTECH;0;;;;;
8094;SENTECH;0;;;;;
8248;SENTECH;0;;;;;
8093;SENTECH;0;;;;;
8260;SENTECH;0;;;;;
8312;SENTECH;0;;;;;
8121;SENTECH;0;;;;;
8233;SENTECH;0;;;;;
8331;SENTECH;0;;;;;
8117;SENTECH;0;;;;;
8128;SENTECH;0;;;;;
8321;SENTECH;0;;;;;
8014;SENTECH;0;;;;;
8007;SENTECH;0;;;;;
8337;SENTECH;0;;;;;
8085;SENTECH;0;;;;;
 S312;SENTECH;0;;;;;
8338;SENTECH;0;;;;;
8119;SENTECH;0;;;;;
S320;SENTECH;0;;;;;
 N306;SENTECH;0;;;;;
 ÐÀ 708Ð;SIL;0;;;;;
 ÐÀ 708À;SIL;0;;;;;
 ÐÀ 427Ð;SIL;0;;;;;
 ÐÀ 437Ð;SIL;0;;;;;
 ÐÀ 707Ð;SIL;0;;;;;
 ÐÀ 498 Å;SIL;0;;;;;
ÐÀ 762À;SIL;0;;;;;
 ÐÀ 278P;SIL;0;;;;;
 ÐÀ 665Ð;SIL;0;;;;;
 VKPC88617;SIL;0;;;;;
ÐÀ 512Ð;SIL;0;;;;;
 ÐÀ 829;SIL;0;;;;;
 ÐÀ 518Ð;SIL;0;;;;;
 ÐÀ 866;SIL;0;;;;;
 ÐÀ 624 P;SIL;0;;;;;
 ÐÀ 590 P;SIL;0;;;;;
 VKBA1485;SKF;0;;;;;
 VKBA1484;SKF;0;;;;;
VKBA1482;SKF;0;;;;;
 VKBA1491;SKF;0;;;;;
VKBA 3519;SKF;0;;;;;
 VKM71001;SKF;0;;;;;
 VKM14210;SKF;0;;;;;
 VKM38003;SKF;0;;;;;
 VKM14000;SKF;0;;;;;
 VKM11008;SKF;0;;;;;
 VKM11201;SKF;0;;;;;
 VKM15500;SKF;0;;;;;
 VKM11010;SKF;0;;;;;
 VKM11200;SKF;0;;;;;
 VKBA736;SKF;0;;;;;
 VKM18200;SKF;0;;;;;
 VKM38012;SKF;0;;;;;
 VKBA3410;SKF;0;;;;;
 VKBA1358;SKF;0;;;;;
 VKBA916;SKF;0;;;;;
 VKBA1498;SKF;0;;;;;
 VKBA917;SKF;0;;;;;
 309726DA;SKF;0;;;;;
 6202-2RSH;SKF;0;;;;;
 6302-2RS1;SKF;0;;;;;
 BB1-3065C;SKF;0;;;;;
 BB1-0097;SKF;0;;;;;
 VKBA529;SKF;0;;;;;
 VKBA741;SKF;0;;;;;
 VKBA897;SKF;0;;;;;
 VKBA944;SKF;0;;;;;
 VKBA898;SKF;0;;;;;
 VKBA736;SKF;0;;;;;
 BAH-0011D;SKF;0;;;;;
 VKM25152;SKF;0;;;;;
 VKBA3489;SKF;0;;;;;
 VKBA1307;SKF;0;;;;;
 VKM11006;SKF;0;;;;;
 VKBA1347;SKF;0;;;;;
 VKBA941;SKF;0;;;;;
 VKBA1498;SKF;0;;;;;
 VKM11121;SKF;0;;;;;
 R151.24;SKF;0;;;;;
 309726DA;SKF;0;;;;;
 VKPC85206 ;SKF;0;;;;;
 VKBA1355;SKF;0;;;;;
 VKBA1355;SKF;0;;;;;
 VKMA 01000;SKF;0;;;;;
 VKBA3518;SKF;0;;;;;
 VKBA3257;SKF;0;;;;;
 VKBA3532;SKF;0;;;;;
 VKBA529;SKF;0;;;;;
 VKBA1481;SKF;0;;;;;
 VKBA944;SKF;0;;;;;
 VKDA35113;SKF;0;;;;;
 VKBA542;SKF;0;;;;;
 VKM 24211;SKF;0;;;;;
 VKM11120;SKF;0;;;;;
 VKM25500;SKF;0;;;;;
 VKM11020;SKF;0;;;;;
 VKM21004;SKF;0;;;;;
 GT352.06;SKF;0;;;;;
 VKM25150;SKF;0;;;;;
 VKM80000;SKF;0;;;;;
 VKM31010;SKF;0;;;;;
 VKM21115;SKF;0;;;;;
 VKM11124;SKF;0;;;;;
 VKM21120;SKF;0;;;;;
 VKM15216;SKF;0;;;;;
 VKM75006;SKF;0;;;;;
 VKM21031;SKF;0;;;;;
 VKM11000;SKF;0;;;;;
 VKM11001;SKF;0;;;;;
 VKM 34003;SKF;0;;;;;
10790034;SWAG;0;;;;;
40600021;SWAG;0;;;;;
40600021;SWAG;0;;;;;
30790011;SWAG;0;;;;;
20690001;SWAG;0;;;;;
40600021;SWAG;0;;;;;
30690002;SWAG;0;;;;;
10780006;SWAG;0;;;;;
50600008;SWAG;0;;;;;
40790020;SWAG;0;;;;;
10610016;SWAG;0;;;;;
30610005;SWAG;0;;;;;
10610038;SWAG;0;;;;;
10610043;SWAG;0;;;;;
30610006;SWAG;0;;;;;
30610006;SWAG;0;;;;;
30610006;SWAG;0;;;;;
40610016;SWAG;0;;;;;
30610006;SWAG;0;;;;;
30610008;SWAG;0;;;;;
10610022;SWAG;0;;;;;
10610001;SWAG;0;;;;;
10610001;SWAG;0;;;;;
30710038;SWAG;0;;;;;
50720021;SWAG;0;;;;;
50720020;SWAG;0;;;;;
50710016;SWAG;0;;;;;
50780009;SWAG;0;;;;;
50710036;SWAG;0;;;;;
30710037;SWAG;0;;;;;
30030087;SWAG;0;;;;;
40710025;SWAG;0;;;;;
30030087;SWAG;0;;;;;
10030019;SWAG;0;;;;;
10030034;SWAG;0;;;;;
30780019;SWAG;0;;;;;
40919285;SWAG;0;;;;;
20101200;SWAG;0;;;;;
10600006;SWAG;0;;;;;
40540006;SWAG;0;;;;;
30780021;SWAG;0;;;;;
10780008;SWAG;0;;;;;
30780019;SWAG;0;;;;;
50800015;SWAG;0;;;;;
10600005;SWAG;0;;;;;
10600006;SWAG;0;;;;;
20780009;SWAG;0;;;;;
10600013;SWAG;0;;;;;
50905400;SWAG;0;;;;;
30030095;SWAG;0;;;;;
99906295;SWAG;0;;;;;
10362746;SWAG;0;;;;;
30030038;SWAG;0;;;;;
30030021;SWAG;0;;;;;
30030094;SWAG;0;;;;;
30030089;SWAG;0;;;;;
30030018;SWAG;0;;;;;
30030095;SWAG;0;;;;;
50030016;SWAG;0;;;;;
10030010;SWAG;0;;;;;
30030083;SWAG;0;;;;;
50030017;SWAG;0;;;;;
30030015;SWAG;0;;;;;
30030035;SWAG;0;;;;;
20520005;SWAG;0;;;;;
30030029;SWAG;0;;;;;
ñàéëåíòáëîê ïåð. ðû÷àãà Ford;SWAG;0;;;;;
32720022;SWAG;0;;;;;
40720023;SWAG;0;;;;;
32790011;SWAG;0;;;;;
20790011;SWAG;0;;;;;
20790010;SWAG;0;;;;;
32610006;SWAG;0;;;;;
10790053;SWAG;0;;;;;
30790002;SWAG;0;;;;;
30919022;SWAG;0;;;;;
40790003;SWAG;0;;;;;
40790021;SWAG;0;;;;;
1726387;SWAG;0;;;;;
J1330900;SWAG;0;;;;;
20930362;SWAG;0;;;;;
85927191;SWAG;0;;;;;
10924661;SWAG;0;;;;;
 20547 168 05 T 4037;TEXTAR;0;;;;;
 20784 180 04 T 471;TEXTAR;0;;;;;
 21050 157 04 Ò 409;TEXTAR;0;;;;;
 21144 166 14 T 425;TEXTAR;0;;;;;
 21368 183 14 T4136;TEXTAR;0;;;;;
 21592 188 05  Ò3078;TEXTAR;0;;;;;
 21754 165 05 Ò4047;TEXTAR;0;;;;;
 21862 183 05 T 4097;TEXTAR;0;;;;;
21872 145 05 Ò4067;TEXTAR;0;;;;;
 21990 203 05 T 4070;TEXTAR;0;;;;;
 23020 179 04 T 3078;TEXTAR;0;;;;;
 21862 183 05 T 4097;TEXTAR;0;;;;;
23071 185 15 Ò403;TEXTAR;0;;;;;
 23138 146 14 Ò4099;TEXTAR;0;;;;;
 23176 182 15 T 437;TEXTAR;0;;;;;
 23189 167 15 Ò4105;TEXTAR;0;;;;;
23193 163 15 T 4105;TEXTAR;0;;;;;
 23353 140 14 Ò 4067;TEXTAR;0;;;;;
 23582 155 15 T 4067;TEXTAR;0;;;;;
 23600 190 14 T 4047;TEXTAR;0;;;;;
 23743 205 15 Ò 4211;TEXTAR;0;;;;;
23300-21010;TOYOTA;0;;;;;
 17801-30040;TOYOTA;0;;;;;
17801-28010;TOYOTA;0;;;;;
 90915YZZB2;TOYOTA;0;;;;;
 90915-YZZD4;TOYOTA;0;;;;;
 23300-21010;TOYOTA;0;;;;;
 23390-64480;TOYOTA;0;;;;;
 23300-50110;TOYOTA;0;;;;;
EF403;TRICO;0;;;;;
TRICO EF530_VALEO U53;TRICO;0;;;;;
TRICO WB33B;TRICO;0;;;;;
TRICO WB50E;TRICO;0;;;;;
TRICO WB55U;TRICO;0;;;;;
 ÂÊ1452;TRW/Lucas;0;;;;;
GDB 497;TRW/Lucas;0;;;;;
 GDB 1127;TRW/Lucas;0;;;;;
 GDB 820;TRW/Lucas;0;;;;;
 GDB 1622;TRW/Lucas;0;;;;;
 GDB 1600;TRW/Lucas;0;;;;;
 MCS807;TRW/Lucas;0;;;;;
 GDB 1687;TRW/Lucas;0;;;;;
 MCS807;TRW/Lucas;0;;;;;
MCB532;TRW/Lucas;0;;;;;
MCB569;TRW/Lucas;0;;;;;
 MCB659;TRW/Lucas;0;;;;;
 MCB659SV;TRW/Lucas;0;;;;;
 MCB698;TRW/Lucas;0;;;;;
 MCB703;TRW/Lucas;0;;;;;
 MCB659SV;TRW/Lucas;0;;;;;
 MCB659;TRW/Lucas;0;;;;;
 MCB569;TRW/Lucas;0;;;;;
 MCB512SV;TRW/Lucas;0;;;;;
 MCB530SV;TRW/Lucas;0;;;;;
 MCB571;TRW/Lucas;0;;;;;
 MCB591SV;TRW/Lucas;0;;;;;
 MCB742SV;TRW/Lucas;0;;;;;
 MCB755CRQ;TRW/Lucas;0;;;;;
 MCB584;TRW/Lucas;0;;;;;
 MCB593;TRW/Lucas;0;;;;;
 MCB690SV;TRW/Lucas;0;;;;;
 MCB562SV;TRW/Lucas;0;;;;;
 MCB593SV;TRW/Lucas;0;;;;;
 MCB530;TRW/Lucas;0;;;;;
 MCB755SRQ;TRW/Lucas;0;;;;;
 MCB562SV;TRW/Lucas;0;;;;;
 MCB541LF;TRW/Lucas;0;;;;;
 MCB530 LF;TRW/Lucas;0;;;;;
 MCB512;TRW/Lucas;0;;;;;
 MCB602SV;TRW/Lucas;0;;;;;
 MCB704SV;TRW/Lucas;0;;;;;
 MCB611SV;TRW/Lucas;0;;;;;
 MCB662LF;TRW/Lucas;0;;;;;
GS8164;TRW/Lucas;0;;;;;
 ÐÍD350;TRW/Lucas;0;;;;;
 ÐÍD351;TRW/Lucas;0;;;;;
 ÐÍÂ349;TRW/Lucas;0;;;;;
 ÐÍÂ125;TRW/Lucas;0;;;;;
 ÐÌD204;TRW/Lucas;0;;;;;
 GS8656;TRW/Lucas;0;;;;;
 25-0073;VAICO;0;;;;;
 10-1383;VAICO;0;;;;;
 10-1184;VAICO;0;;;;;
 10-1350;VAICO;0;;;;;
 10-1351;VAICO;0;;;;;
 10-7001;VAICO;0;;;;;
 10-1157;VAICO;0;;;;;
 10-7018;VAICO;0;;;;;
 10-7019;VAICO;0;;;;;
 30-7147-1;VAICO;0;;;;;
 20-7079;VAICO;0;;;;;
 20-7112;VAICO;0;;;;;
 40-1274;VAICO;0;;;;;
 20-7113;VAICO;0;;;;;
 20-7112;VAICO;0;;;;;
10-1212;VAICO;0;;;;;
 25-0074;VAICO;0;;;;;
 20-7083-1;VAICO;0;;;;;
10-1224;VAICO;0;;;;;
 10-1190;VAICO;0;;;;;
 10-1224;VAICO;0;;;;;
10-1225;VAICO;0;;;;;
 10-7171;VAICO;0;;;;;
V25-0092;VAICO;0;;;;;
Àäàïòåð VALEO;VALEO;0;;;;;
C41x2 ;VALEO;0;;;;;
C45õ2;VALEO;0;;;;;
C53õ2;VALEO;0;;;;;
C5550;VALEO;0;;;;;
C55x2;VALEO;0;;;;;
C6045;VALEO;0;;;;;
C6050;VALEO;0;;;;;
C6055;VALEO;0;;;;;
C6540;VALEO;0;;;;;
C6565;VALEO;0;;;;;
U28;VALEO;0;;;;;
U35;VALEO;0;;;;;
U38;VALEO;0;;;;;
U41;VALEO;0;;;;;
U45;VALEO;0;;;;;
U48;VALEO;0;;;;;
U51;VALEO;0;;;;;
U51S;VALEO;0;;;;;
U53;VALEO;0;;;;;
U53S;VALEO;0;;;;;
U55;VALEO;0;;;;;
U55S;VALEO;0;;;;;
UM105;VALEO;0;;;;;
UM106;VALEO;0;;;;;
UM107;VALEO;0;;;;;
UM108;VALEO;0;;;;;
UM11;VALEO;0;;;;;
UM18;VALEO;0;;;;;
UM19;VALEO;0;;;;;
UM203;VALEO;0;;;;;
UM213;VALEO;0;;;;;
UM24;VALEO;0;;;;;
UM25;VALEO;0;;;;;
UM28;VALEO;0;;;;;
UM600;VALEO;0;;;;;
UM601;VALEO;0;;;;;
UM602;VALEO;0;;;;;
UM650;VALEO;0;;;;;
UM651;VALEO;0;;;;;
UM652 ;VALEO;0;;;;;
UM653;VALEO;0;;;;;
UM683;VALEO;0;;;;;
UM700 ;VALEO;0;;;;;
UM702;VALEO;0;;;;;
UM703;VALEO;0;;;;;
UM704;VALEO;0;;;;;
VM112;VALEO;0;;;;;
VM206;VALEO;0;;;;;
VM209;VALEO;0;;;;;
VM250;VALEO;0;;;;;
VM300;VALEO;0;;;;;
VM301;VALEO;0;;;;;
VM302;VALEO;0;;;;;
VM304;VALEO;0;;;;;
VM306;VALEO;0;;;;;
VM308;VALEO;0;;;;;
VM310;VALEO;0;;;;;
VM311;VALEO;0;;;;;
VM315;VALEO;0;;;;;
VM317;VALEO;0;;;;;
VM351;VALEO;0;;;;;
VM352;VALEO;0;;;;;
VM401;VALEO;0;;;;;
VM402;VALEO;0;;;;;
VM407;VALEO;0;;;;;
VM408;VALEO;0;;;;;
VM411;VALEO;0;;;;;
VM429;VALEO;0;;;;;
W53;VALEO;0;;;;;
W58;VALEO;0;;;;;
W60C;VALEO;0;;;;;
W65;VALEO;0;;;;;
W65A;VALEO;0;;;;;
28-0006;VIEROL;0;;;;;
28-0004;VIEROL;0;;;;;
 6024.00.95D;Wahler;0;;;;;
 4176.80D;Wahler;0;;;;;
4255.82D;Wahler;0;;;;;
 4255.92D;Wahler;0;;;;;
 6285.87;Wahler;0;;;;;
 4175.92D;Wahler;0;;;;;
 4183.92D;Wahler;0;;;;;
 4178.92D;Wahler;0;;;;;
 4255.92D;Wahler;0;;;;;
 3100.02.88 D;Wahler;0;;;;;
 4275.87D;Wahler;0;;;;;
 4274.02.92D;Wahler;0;;;;;
 4236.02.92D;Wahler;0;;;;;
 4103.82;Wahler;0;;;;;
 4270.01.88D;Wahler;0;;;;;
 3100.88;Wahler;0;;;;;
 4022.88D;Wahler;0;;;;;
 4078.06.87D;Wahler;0;;;;;
 4276.03.87D;Wahler;0;;;;;
 4144.92D;Wahler;0;;;;;
ÒÍ15685;Wahler;0;;;;;
 ÐÀ0093;ÂUGATTI;0;;;;;
ÐÀ0226;ÂUGATTI;0;;;;;
ÐÀ7203;ÂUGATTI;0;;;;;
 ÐÀ7204;ÂUGATTI;0;;;;;
 ÐÀ5113;ÂUGATTI;0;;;;;
 ÐÀ5112;ÂUGATTI;0;;;;;
 F15116;ÌEYLE;0;;;;;
3 160 204 374;ÌEYLE;0;;;;;
6 191 330 009;ÌEYLE;0;;;;;
1 005 980 238;ÌEYLE;0;;;;;
140 010 020;ÌEYLE;0;;;;;
140 320 075;ÌEYLE;0;;;;;
140 320 070;ÌEYLE;0;;;;;
Ðû÷àã Au;ÌEYLE;0;;;;;
Ðû÷àã Au;ÌEYLE;0;;;;;
140 350 044;ÌEYLE;0;;;;;
140 320 058;ÌEYLE;0;;;;;
155 232 012;ÌEYLE;0;;;;;
155 232 013;ÌEYLE;0;;;;;
