;;;;;;;;
ARS202;Absolute;;;;;;;
8R0071151F;AUDI;;;;;;;
BURNER;BURNER;;;;;;;
ANT7137122;Calearo;;;;;;;
5PK838;LYNX;;;;;;;
00006545KH;Peugeot-Citroen;;;;;;;
00006545KK;Peugeot-Citroen;;;;;;;
00006545KL;Peugeot-Citroen;;;;;;;
Glucoshell 20 ë;Shell;;;;;;;
0W40 - 1 ë.;Shell;;;;;;;
5W30 Shell Ultra AV-L;Shell;;;;;;;
Link 500;Shturman;;;;;;;
SNP 502;Supra;;;;;;;
83861-68L00;SUZUKI;;;;;;;
13450-78K10;SUZUKI;;;;;;;
37171-61M00;SUZUKI;;;;;;;
33910-61M00;SUZUKI;;;;;;;
11200-54GA6;SUZUKI;;;;;;;
01550-0825A;SUZUKI;;;;;;;
09103-12080;SUZUKI;;;;;;;
09135-14018;SUZUKI;;;;;;;
11117-69G00;SUZUKI;;;;;;;
86717-65JV0;SUZUKI;;;;;;;
02162-0612A;SUZUKI;;;;;;;
990E0-63J30;SUZUKI;;;;;;;
990E0-62J05;SUZUKI;;;;;;;
990E0-61M14;SUZUKI;;;;;;;
990E0-54P13;SUZUKI;;;;;;;
990E0-61M13;SUZUKI;;;;;;;
02162-0616E;SUZUKI;;;;;;;
03541-0512A;SUZUKI;;;;;;;
08314-4012A;SUZUKI;;;;;;;
33220-50M20;SUZUKI;;;;;;;
990E0-61M78;SUZUKI;;;;;;;
22400-86G00;SUZUKI;;;;;;;
55311-86G02;SUZUKI;;;;;;;
990LM-03086;SUZUKI;;;;;;;
09250-25007;SUZUKI;;;;;;;
86654-63J00;SUZUKI;;;;;;;
84513-65D00;SUZUKI;;;;;;;
84582-65J00;SUZUKI;;;;;;;
82550-75K00;SUZUKI;;;;;;;
33970-65J00;SUZUKI;;;;;;;
37172-58J01;SUZUKI;;;;;;;
990CL-CA644;SUZUKI;;;;;;;
77330-63J00;SUZUKI;;;;;;;
09250-17002;SUZUKI;;;;;;;
09409-08320;SUZUKI;;;;;;;
09409-15304;SUZUKI;;;;;;;
82711-68H00;SUZUKI;;;;;;;
37145-57J10;SUZUKI;;;;;;;
990E0-51K76;SUZUKI;;;;;;;
990E0-68L16;SUZUKI;;;;;;;
990E0-68L40;SUZUKI;;;;;;;
75901-71LB0;SUZUKI;;;;;;;
55800-68L00;SUZUKI;;;;;;;
53200-79J00;SUZUKI;;;;;;;
53200-79J01;SUZUKI;;;;;;;
53200-80J01;SUZUKI;;;;;;;
53200-76J00;SUZUKI;;;;;;;
53200-81A11;SUZUKI;;;;;;;
09181-35023;SUZUKI;;;;;;;
09181-35112;SUZUKI;;;;;;;
09181-35114;SUZUKI;;;;;;;
09181-35115;SUZUKI;;;;;;;
09181-35117;SUZUKI;;;;;;;
09181-35118;SUZUKI;;;;;;;
09181-35119;SUZUKI;;;;;;;
09181-35121;SUZUKI;;;;;;;
09181-35122;SUZUKI;;;;;;;
09181-35124;SUZUKI;;;;;;;
09381-84004;SUZUKI;;;;;;;
15111-80J00;SUZUKI;;;;;;;
29316-66J00;SUZUKI;;;;;;;
14183-79J10;SUZUKI;;;;;;;
22100-78K00;SUZUKI;;;;;;;
74111-64812;SUZUKI;;;;;;;
24000-80871;SUZUKI;;;;;;;
84515-65D00;SUZUKI;;;;;;;
71821-80J00;SUZUKI;;;;;;;
33924-81A10;SUZUKI;;;;;;;
17932-63J00;SUZUKI;;;;;;;
89191-62J00;SUZUKI;;;;;;;
990LM-03945;SUZUKI;;;;;;;
84572-55G00;SUZUKI;;;;;;;
990NA-99801;SUZUKI;;;;;;;
990E0-61M60;SUZUKI;;;;;;;
45765-22010;SUZUKI;;;;;;;
55551-78G00;SUZUKI;;;;;;;
55552-78G00;SUZUKI;;;;;;;
72310-80J01;SUZUKI;;;;;;;
72321-60B10;SUZUKI;;;;;;;
35658-65D00;SUZUKI;;;;;;;
61512-65J00;SUZUKI;;;;;;;
72316-59J00;SUZUKI;;;;;;;
72311-59J01;SUZUKI;;;;;;;
29922-66J00;SUZUKI;;;;;;;
09269-35009;SUZUKI;;;;;;;
09269-41001;SUZUKI;;;;;;;
12300-85830;SUZUKI;;;;;;;
17400-69G01;SUZUKI;;;;;;;
78901-54P10;SUZUKI;;;;;;;
78901-54P00;SUZUKI;;;;;;;
09481-25501;SUZUKI;;;;;;;
09481-30504;SUZUKI;;;;;;;
24823-79C10;SUZUKI;;;;;;;
33740-80G00;SUZUKI;;;;;;;
17933-60B00;SUZUKI;;;;;;;
44118-80J31;SUZUKI;;;;;;;
38346-65D00;SUZUKI;;;;;;;
95626-64J00;SUZUKI;;;;;;;
12761-67J00;SUZUKI;;;;;;;
95141-65D00;SUZUKI;;;;;;;
17521-77E20;SUZUKI;;;;;;;
74184-62JA0;SUZUKI;;;;;;;
46221-61M00;SUZUKI;;;;;;;
46911-65J00;SUZUKI;;;;;;;
22881-79C10;SUZUKI;;;;;;;
27431-79JA0;SUZUKI;;;;;;;
29793-57B00;SUZUKI;;;;;;;
09283-35054;SUZUKI;;;;;;;
09283-44016;SUZUKI;;;;;;;
27431-57LA0;SUZUKI;;;;;;;
16121-84A00;SUZUKI;;;;;;;
55000-65800;SUZUKI;;;;;;;
24432-60A00;SUZUKI;;;;;;;
84546-80J20;SUZUKI;;;;;;;
990NB-Stand;SUZUKI;;;;;;;
41601-64J10;SUZUKI;;;;;;;
42420-81A10;SUZUKI;;;;;;;
45817-22010;SUZUKI;;;;;;;
08331-31409;SUZUKI;;;;;;;
43926-81A30;SUZUKI;;;;;;;
84582-79J00;SUZUKI;;;;;;;
84651-65J00;SUZUKI;;;;;;;
83718-78K00;SUZUKI;;;;;;;
72362-79J00;SUZUKI;;;;;;;
84617-63J00;SUZUKI;;;;;;;
13780-57L00;SUZUKI;;;;;;;
95861-57L00;SUZUKI;;;;;;;
09402-82511;SUZUKI;;;;;;;
23810-79J01;SUZUKI;;;;;;;
15815-62J01;SUZUKI;;;;;;;
15815-62J01;SUZUKI;;;;;;;
11192-78K01;SUZUKI;;;;;;;
11193-78K01;SUZUKI;;;;;;;
13491-78K01;SUZUKI;;;;;;;
13492-78K01;SUZUKI;;;;;;;
17939-80JA0;SUZUKI;;;;;;;
18564-78K01;SUZUKI;;;;;;;
09148-06021;SUZUKI;;;;;;;
39251-64J00;SUZUKI;;;;;;;
84740-68L00;SUZUKI;;;;;;;
84730-68L00;SUZUKI;;;;;;;
